RCID,Latitud,Longitud,Profundidad
2,-42.3953680,-64.3645500,30.5
3,-41.7995260,-64.3981740,118.0
9,-42.2952470,-64.4375220,42.0
10,-42.3508880,-64.5369330,32.0
11,-42.0980270,-64.5512530,165.0
13,-42.3523030,-64.4540010,61.0
15,-42.2104130,-64.3167400,10.5
16,-42.0195900,-64.4970300,152.0
17,-42.1053130,-64.21454,37.0
19,-42.1546290,-64.2366850,35.0
20,-42.1682460,-64.4689670,166.0
21,-42.1493330,-64.0904550,27.5
25,-42.3295540,-64.3128710,62.0
26,-41.7483210,-64.2998350,116.0
27,-42.3794280,-64.0764730,32.0
28,-42.2163900,-64.3239510,9.3
29,-42.2960170,-64.2973470,61.0
30,-42.244421,-64.264506,1.8
32,-42.3907150,-64.4713960,34.0
34,-42.4076500,-64.3619650,17.5
36,-42.3665210,-64.333131,44.0
37,-42.2256250,-64.4910400,36.0
38,-41.9758860,-64.4374260,152.0
39,-42.2080600,-64.2626830,3.2
40,-42.1815300,-64.6475660,115.0
41,-42.2974810,-64.3536350,69.0
42,-42.248847,-64.4175090,23.5
47,-42.4254250,-64.4004270,3.4
48,-42.103659,-64.0900420,49.0
49,-42.3402930,-64.4549130,55.0
50,-42.1960940,-64.3847240,132.0
52,-42.3658840,-64.3818510,48.0
54,-42.3017550,-64.1636050,55.0
55,-42.2917030,-64.3722080,59.0
57,-42.4229560,-64.470616,11.5
58,-42.170488,-64.1610760,9.6
59,-42.1543250,-64.1549870,31.0
60,-42.3454770,-64.0759300,23.5
61,-42.182567,-64.3072970,112.0
62,-42.3527700,-64.4223960,65.0
66,-42.0972840,-64.0583100,40.0
67,-42.1826060,-64.193321,23.5
69,-42.3658360,-64.3617100,56.0
70,-42.4096940,-64.4886440,5.8
71,-42.0536320,-64.538546,161.0
72,-42.3701810,-64.0886750,45.0
73,-42.2241810,-64.4336110,62.0
74,-42.0622380,-64.5801850,153.0
75,-42.3732840,-64.5554640,33.0
76,-42.4158270,-64.1573250,2.2
80,-41.9832280,-64.6398520,136.0
81,-42.0050430,-64.5237910,145.0
82,-42.2136070,-64.4280450,106.0
83,-42.3957370,-64.2698150,22.5
84,-42.1169940,-64.3040680,165.0
86,-42.3797200,-64.0964050,47.0
87,-42.2196210,-64.5084020,55.0
88,-42.4064590,-64.4160140,9.5
89,-42.1830040,-64.1365840,9.2
90,-42.119141,-64.5040180,173.0
91,-42.2558560,-64.2878620,6.8
95,-42.2718420,-64.3352320,28.5
96,-42.2426480,-64.2454150,3.6
97,-42.2875050,-64.3281110,54.0
98,-42.2798360,-64.2703410,42.0
99,-41.9912910,-64.4607180,169.0
100,-41.9745410,-64.3660500,149.0
101,-42.2021880,-64.2724600,11.6
104,-42.1259430,-64.1216590,43.0
106,-42.409881,-64.1685870,7.0
107,-41.7525060,-64.3980880,127.0
108,-42.2181170,-64.6554240,9.9
110,-41.9912750,-64.4813940,149.0
112,-42.0214390,-64.5498780,147.0
113,-42.3604780,-64.2685410,51.0
114,-42.1917730,-64.3224700,107.0
117,-42.3357520,-64.2963740,69.0
118,-42.3015790,-64.5282140,14.5
120,-42.2062470,-64.3586150,102.0
123,-42.1260380,-64.3748780,176.0
124,-42.2788320,-64.4895230,7.3
127,-42.420592,-64.3735940,5.8
131,-42.2952080,-64.2314620,48.0
132,-41.7338440,-64.2314090,110.0
133,-42.3831820,-64.1316820,35.0
134,-42.3970360,-64.5908390,1.7
135,-42.2196980,-64.5530170,44.0
136,-42.1907140,-64.173737,2.3
137,-42.3532120,-64.1654980,58.0
138,-42.348608,-64.3987630,59.0
140,-42.2294610,-64.4385210,28.5
141,-42.2612410,-64.1735930,11.5
142,-42.3837650,-64.547682,22.5
143,-42.003659,-64.58113,171.0
144,-42.4153500,-64.5067180,9.4
146,-42.3480430,-64.0847060,39.0
147,-42.3753030,-64.5163820,49.0
149,-42.1507350,-64.2804000,136.0
153,-42.1365800,-64.2743900,141.0
155,-42.4132210,-64.5658080,13.5
156,-42.1171770,-64.1201770,52.0
157,-42.199348,-64.2340630,4.2
158,-42.3838200,-64.191383,35.0
160,-41.7687350,-64.093922,101.0
161,-42.1262300,-64.07041,34.0
162,-42.11076,-64.144553,46.0
164,-42.1910230,-64.1502880,1.2
168,-42.1637950,-64.3916360,165.0
170,-42.3302090,-64.1408950,36.0
173,-42.251846,-64.203725,2.7
174,-42.3980760,-64.4327290,27.5
175,-41.9764640,-64.515655,171.0
176,-42.3298240,-64.1101830,17.5
177,-42.1139420,-64.189519,40.0
178,-42.2422980,-64.3742050,4.0
180,-42.4058370,-64.3370970,4.6
182,-42.1837120,-64.1619610,7.8
183,-42.1675170,-64.2743030,91.0
185,-42.3992160,-64.1256770,20.5
186,-42.2557990,-64.2297760,4.1
187,-41.739884,-64.0620160,99.0
189,-42.2446910,-64.2499280,4.1
190,-42.3943590,-64.2096360,29.5
191,-41.7124240,-64.6384410,131.0
192,-41.975311,-64.5491330,129.0
193,-42.3897920,-64.098551,37.0
194,-42.208244,-64.650496,51.0
196,-42.1229150,-64.0507830,38.0
198,-42.2926280,-64.1523480,45.0
199,-42.3440650,-64.1179130,12.5
200,-42.324813,-64.092912,5.6
201,-42.402351,-64.5143400,25.5
202,-42.3249090,-64.2285730,56.0
205,-42.0687960,-64.3260790,160.0
206,-42.3601900,-64.3841850,48.0
208,-42.4070030,-64.4455850,23.5
209,-42.2283860,-64.5879370,4.0
210,-42.0752070,-64.4269040,174.0
211,-42.2027280,-64.3005260,11.5
212,-42.2618650,-64.1048330,5.5
213,-42.4187340,-64.3580740,1.8
214,-42.383819,-64.4481730,47.0
215,-42.2819230,-64.3060080,48.0
216,-41.9909150,-64.5911480,160.0
217,-42.3973220,-64.3907910,22.5
218,-42.3325950,-64.1559390,45.0
220,-42.0705370,-64.5390960,164.0
222,-42.3793640,-64.4567330,51.0
223,-42.2089740,-64.2726380,6.9
224,-42.2906630,-64.1880920,51.0
225,-42.1747730,-64.2911630,102.0
228,-42.0653190,-64.3425920,159.0
229,-42.3732200,-64.5258070,44.0
230,-42.1336370,-64.5997540,140.0
231,-42.4141890,-64.5366600,3.1
234,-42.2501250,-64.4625830,6.9
236,-42.0611660,-64.4184980,172.0
237,-42.3084180,-64.3409330,77.0
238,-41.8676660,-64.1167310,90.0
239,-42.2792870,-64.1474070,34.0
242,-42.3456700,-64.1809570,59.0
243,-42.1911170,-64.2595420,11.6
244,-42.1227720,-64.647873,136.0
246,-41.9481900,-64.0584060,90.0
247,-42.4240760,-64.3904760,3.5
248,-42.3097090,-64.5252100,23.5
250,-42.4108760,-64.1775170,7.3
251,-42.3365940,-64.5599470,4.2
252,-42.1836090,-64.2025040,19.6
254,-42.2099110,-64.3507900,97.0
256,-42.2421470,-64.2530930,3.1
258,-42.108985,-64.1750360,36.0
259,-42.1458260,-64.1668880,32.0
260,-42.1737690,-64.2344600,19.6
261,-42.1700640,-64.240582,25.5
262,-42.4039510,-64.1847850,11.5
265,-42.2197770,-64.4018560,66.0
268,-42.1179050,-64.0813480,36.0
270,-42.3886190,-64.5580810,32.0
271,-42.3201370,-64.393223,56.0
272,-42.3768740,-64.1338600,39.0
274,-42.2091400,-64.28442,8.7
275,-42.216073,-64.6143890,44.0
279,-42.3708880,-64.0798350,40.0
281,-42.1007080,-64.6254910,143.0
282,-42.3151320,-64.5342450,22.5
284,-42.3213240,-64.4569470,63.0
285,-42.036588,-64.5171290,176.0
287,-42.2587680,-64.1815050,5.2
288,-42.15612,-64.1787340,30.5
290,-42.3910580,-64.251528,29.5
291,-42.2279000,-64.4082530,27.5
292,-42.3908150,-64.5407980,29.5
293,-42.4076950,-64.1828780,9.8
294,-42.3463810,-64.3417650,45.0
295,-42.3609510,-64.3179050,34.0
296,-42.4074840,-64.2346830,8.6
297,-42.2832390,-64.3623390,51.0
298,-42.3184290,-64.2571500,54.0
299,-42.3513390,-64.4115640,66.0
300,-42.356727,-64.3025640,50.0
303,-42.0744980,-64.1788650,52.0
304,-42.2760480,-64.4175890,51.0
305,-42.3849660,-64.0883630,31.0
306,-42.4163340,-64.4572690,15.5
307,-42.3958650,-64.259915,26.5
308,-42.0193300,-64.6428460,149.0
309,-42.3304400,-64.5370880,26.5
310,-42.2563400,-64.3890840,21.5
311,-42.294515,-64.268555,48.0
312,-42.26603,-64.3652350,28.5
317,-42.3041780,-64.5216860,18.5
318,-42.2662230,-64.2334210,14.5
321,-42.2832710,-64.3750490,50.0
322,-42.3310790,-64.0698580,3.6
323,-42.4059970,-64.3220090,3.8
324,-42.4037630,-64.3305690,8.2
325,-42.2604070,-64.3532670,7.7
326,-42.2702330,-64.138484,25.5
327,-42.4229200,-64.3979540,5.0
328,-42.3359820,-64.4334880,73.0
329,-42.1945890,-64.2861560,13.6
330,-42.3428330,-64.139909,40.0
331,-42.2572230,-64.4403970,14.6
335,-42.3746280,-64.2179450,22.5
336,-42.0769510,-64.0873060,52.0
338,-42.3768320,-64.3838880,47.0
339,-42.121481,-64.1772850,51.0
340,-42.4128840,-64.506758,14.5
341,-42.1319530,-64.0877550,31.0
342,-42.3591640,-64.1940610,44.0
343,-42.2967010,-64.5333590,3.1
344,-42.1307120,-64.0118280,30.5
348,-42.0989260,-64.0739600,39.0
349,-42.3414070,-64.0841670,35.0
350,-42.2711350,-64.2271090,21.5
351,-42.2194010,-64.4544240,64.0
355,-42.3537120,-64.1979730,52.0
356,-42.1519620,-64.1320000,30.5
357,-42.1243470,-64.0819630,35.0
358,-42.290047,-64.1069550,41.0
359,-42.2517620,-64.1596940,3.0
360,-42.1412300,-64.5679350,146.0
361,-42.4098980,-64.5264520,13.5
362,-42.0557040,-64.6231890,145.0
363,-42.3624720,-64.1152710,53.0
364,-42.1467540,-64.2506400,89.0
368,-42.2108670,-64.4748360,87.0
369,-42.3889070,-64.4603460,42.0
371,-42.1271580,-64.3319230,171.0
373,-42.4117340,-64.6014180,0.6
374,-42.1215250,-64.2364670,83.0
375,-42.4136150,-64.5244200,11.5
378,-42.4050350,-64.504519,18.5
379,-42.164825,-64.5641830,134.0
380,-42.4212550,-64.5572480,4.6
384,-42.3349600,-64.0827840,33.0
385,-42.3812650,-64.5380850,32.0
386,-42.0957600,-64.1123280,22.5
387,-42.3061790,-64.4345960,41.0
388,-42.2566360,-64.2707380,11.5
390,-42.3915540,-64.3981410,31.0
392,-42.4055410,-64.5923220,3.8
393,-42.3202570,-64.2914760,65.0
394,-42.3440470,-64.5586390,5.3
395,-42.3688570,-64.2000990,29.5
396,-42.0742750,-64.1900940,53.0
398,-42.3206500,-64.5211890,37.0
399,-42.0024310,-64.6131130,171.0
400,-42.1623720,-64.2226470,26.5
402,-42.3988930,-64.3195020,7.4
405,-42.25559,-64.3550820,5.8
406,-42.3609460,-64.1828250,43.0
408,-42.3516490,-64.0617970,16.5
409,-42.1394240,-64.0548470,29.5
410,-42.127814,-64.2425920,96.0
411,-41.8322370,-64.3982480,169.0
412,-42.2358930,-64.4553780,0.5
413,-42.1215740,-64.1461580,54.0
414,-42.3079120,-64.5329480,17.5
417,-42.3693720,-64.0608820,11.5
419,-42.1143650,-64.1387170,50.0
420,-42.2328430,-64.4042270,9.3
424,-42.3215470,-64.0719190,22.5
425,-42.2807350,-64.4350550,50.0
426,-42.3681190,-64.1581600,56.0
427,-42.3652290,-64.1220150,50.0
430,-42.3327880,-64.4646140,52.0
433,-42.0716560,-64.2882600,150.0
436,-42.4089470,-64.4953090,7.3
438,-42.2228940,-64.3579230,13.5
439,-42.3042590,-64.0974090,35.0
440,-42.358234,-64.2595480,55.0
442,-42.2986740,-64.1257860,50.0
444,-42.0539520,-64.5678680,154.0
446,-42.3655870,-64.2445580,48.0
447,-42.1874910,-64.5192960,124.0
448,-42.1715740,-64.6154010,122.0
449,-42.3322340,-64.0720190,5.6
450,-42.2936680,-64.4111160,66.0
451,-42.3507600,-64.4638280,48.0
452,-42.4237570,-64.4496490,5.1
454,-42.399245,-64.4137040,13.5
455,-42.0714590,-64.0955520,56.0
457,-42.2994830,-64.276233,56.0
458,-42.3125120,-64.0571880,6.2
459,-42.1288180,-64.286841,152.0
461,-41.9490430,-64.1287980,98.0
463,-42.3758280,-64.0610340,7.1
464,-42.2318260,-64.4660980,10.5
465,-42.0085130,-64.4789490,118.0
466,-42.1058210,-64.0980770,52.0
467,-42.2612200,-64.1910730,10.0
468,-42.255301,-64.3407730,3.1
469,-42.4214330,-64.1522670,1.8
472,-42.2546970,-64.2810280,6.4
476,-42.0924690,-64.1742580,26.5
481,-42.1805930,-64.1462670,10.6
482,-42.4194600,-64.1637270,-0.1
483,-42.1296740,-64.0350820,38.0
485,-42.1190640,-64.4769890,173.0
486,-42.4069850,-64.1523540,8.8
487,-42.419778,-64.5193890,3.1
488,-42.0042470,-64.4989530,176.0
489,-42.1887640,-64.3272430,124.0
490,-42.4085000,-64.2054950,17.5
491,-42.151002,-64.691299,116.0
492,-42.0705090,-64.1248630,59.0
493,-42.0206450,-64.5351470,147.0
494,-42.2295850,-64.441524,28.5
496,-42.3608830,-64.4425880,58.0
501,-42.3833360,-64.11451,36.0
502,-42.2175000,-64.5728340,47.0
504,-42.3700500,-64.1782580,39.0
506,-42.1631400,-64.5355040,143.0
509,-42.2501570,-64.1438380,2.2
510,-42.2969800,-64.3901580,52.0
512,-41.9115,-64.072,91.0
516,-42.2904710,-64.083298,31.0
517,-42.2850170,-64.1934150,42.0
518,-42.3598690,-64.1725530,52.0
519,-42.3740110,-64.3918420,43.0
520,-42.3372530,-64.1219590,22.5
524,-42.3372670,-64.5563160,7.8
525,-41.8014490,-63.9745280,99.0
526,-42.3443730,-64.1310380,14.5
527,-42.307134,-64.3261910,75.0
528,-42.3950170,-64.1172110,13.5
529,-42.3608750,-64.3416780,51.0
531,-42.2766580,-64.2119780,31.0
532,-42.3297850,-64.3504310,66.0
533,-42.3910420,-64.3846960,26.5
534,-42.4138590,-64.4170520,4.5
538,-42.3246610,-64.5423730,21.5
540,-42.3324800,-64.5225620,44.0
541,-42.3513650,-64.1775850,57.0
543,-42.0856920,-64.0494910,43.0
544,-42.0293850,-64.6434140,176.0
547,-42.1564610,-64.126272,27.5
548,-42.224248,-64.5783850,15.5
549,-42.3863780,-64.1607650,39.0
550,-42.0732260,-64.4551340,175.0
552,-42.0872120,-64.0232720,36.0
553,-42.008828,-64.3223560,156.0
554,-42.4140510,-64.4077570,15.5
556,-41.7726620,-64.6933660,154.0
557,-42.4018360,-64.1745130,14.5
558,-42.1089090,-64.0205850,51.0
560,-42.2401770,-64.4189680,9.3
561,-42.3257820,-64.1608160,47.0
563,-42.1501770,-64.0664480,23.5
564,-42.4130800,-64.226897,4.1
565,-42.0525360,-64.4761540,172.0
566,-42.3927310,-64.4396810,35.0
567,-42.0839910,-64.3709760,165.0
571,-42.4111360,-64.2401300,4.5
572,-42.0922990,-64.0911400,19.6
574,-42.3755660,-64.1242630,40.0
576,-42.3358280,-64.152256,56.0
577,-42.1573180,-64.5317860,154.0
579,-41.8449520,-64.1659770,48.0
580,-42.0437410,-64.5984940,162.0
581,-42.26611,-64.089511,2.2
582,-42.2518310,-64.2651630,8.6
583,-42.3146560,-64.5428670,10.5
584,-42.3151000,-64.4635610,61.0
585,-42.355338,-64.3132630,37.0
586,-42.2741540,-64.2928220,34.0
588,-42.1892100,-64.1866030,9.2
589,-42.2890840,-64.3436750,52.0
590,-42.2994060,-64.2039150,52.0
591,-42.3877920,-64.1192500,28.5
594,-42.3315560,-64.1902310,58.0
595,-42.0823250,-64.162371,53.0
596,-42.3373300,-64.5093330,52.0
597,-42.1587450,-64.3038320,148.0
598,-42.2506150,-64.4086130,23.5
600,-42.0900840,-64.0138490,38.0
601,-42.3299780,-64.2586060,57.0
603,-42.3108400,-64.0616740,13.5
605,-42.2076740,-64.3213570,48.0
606,-42.4063270,-64.5495050,11.5
609,-42.3016010,-64.4185870,74.0
610,-42.3000220,-64.3378640,68.0
611,-42.2997530,-64.2510720,51.0
612,-42.3031420,-64.2931450,63.0
613,-42.2996090,-64.5074940,29.5
614,-42.208784,-64.4970920,80.0
615,-41.9036980,-64.1567400,109.0
616,-42.3372910,-64.1807370,59.0
617,-42.3723860,-64.5760420,12.5
618,-42.4084100,-64.5350230,3.3
620,-42.0274720,-64.3376670,162.0
621,-42.4006870,-64.2886350,5.7
624,-42.3358280,-64.2162740,61.0
625,-42.317434,-64.0978400,10.5
626,-42.2723230,-64.2434510,35.0
627,-42.4161980,-64.4703130,12.5
628,-42.1330570,-64.6457090,133.0
629,-42.2520700,-64.431226,24.5
630,-42.1632480,-64.2816540,119.0
632,-42.3351360,-64.5285280,36.0
634,-42.3188540,-64.5313490,26.5
636,-42.3113380,-64.3919900,55.0
637,-42.2119680,-64.3838190,94.0
641,-42.0287870,-64.1824550,127.0
643,-42.089165,-64.3105840,164.0
646,-42.2432750,-64.3997180,13.6
647,-42.0567340,-64.3148210,163.0
648,-42.414713,-64.1654890,2.2
653,-42.4076330,-64.5976570,11.5
654,-42.1649020,-64.5469600,138.0
656,-42.1091340,-64.2031530,31.0
657,-42.3916990,-64.2842550,25.5
659,-42.3846380,-64.2446570,32.0
660,-42.4123210,-64.4911080,3.1
661,-42.0879790,-64.4193710,173.0
662,-41.9755390,-64.454708,152.0
663,-42.4109770,-64.2003410,16.5
665,-42.1627730,-64.1424160,17.6
666,-41.7976810,-64.6814600,140.0
670,-42.3800280,-64.0681310,9.7
671,-42.3943270,-64.2194930,31.0
672,-42.0605750,-64.4034230,168.0
673,-42.2228600,-64.6201470,11.5
675,-41.8048690,-64.5388030,141.0
676,-41.7160610,-64.133136,105.0
677,-42.3311900,-64.0993230,17.5
678,-42.2382750,-64.4102460,8.8
679,-42.069307,-64.5648760,157.0
680,-42.3991830,-64.1700510,15.5
682,-42.038827,-64.6038440,146.0
684,-42.1732950,-64.3275180,150.0
685,-42.3505060,-64.276798,63.0
686,-42.346716,-64.1271740,8.4
687,-42.192506,-64.6365930,99.0
688,-41.9733290,-64.3015150,151.0
689,-42.2990370,-64.4855060,38.0
691,-42.3847490,-64.4993170,33.0
692,-42.0895200,-64.4537680,174.0
693,-42.1467720,-64.0380230,22.5
694,-42.4067270,-64.5225180,21.5
698,-42.3472320,-64.5042060,70.0
699,-42.2536890,-64.163758,4.1
700,-42.222091,-64.3405870,6.4
701,-42.3489730,-64.1366700,36.0
702,-42.0883020,-64.3569880,162.0
703,-42.3014470,-64.3770320,65.0
704,-42.3420640,-64.205483,60.0
705,-42.4073930,-64.2551530,8.6
708,-42.1070410,-64.2329260,77.0
709,-42.2133740,-64.5689950,65.0
710,-42.1011650,-64.006438,50.0
711,-42.323602,-64.4374490,49.0
712,-42.3508010,-64.1278940,39.0
713,-41.9765550,-64.4982590,154.0
716,-41.8178640,-64.6743760,154.0
718,-42.3182440,-64.420632,75.0
720,-42.1414830,-64.2614290,118.0
721,-42.0812550,-64.5003110,170.0
1567,-42.2588760,-64.211522,7.7
1568,-42.3820340,-64.5697730,23.5
1569,-42.0647240,-64.6350560,143.0
1571,-42.3978990,-64.3725470,26.5
1572,-42.2053900,-64.4011180,102.0
1573,-41.9729600,-64.6422650,127.0
1574,-42.2039240,-64.3296290,75.0
1575,-42.2930130,-64.0682530,19.5
1579,-42.0151000,-64.2617260,154.0
1580,-42.1615780,-64.6296680,123.0
1581,-42.3042970,-64.2584910,52.0
1582,-42.2821840,-64.483453,21.5
1584,-42.1359210,-64.5783110,145.0
1585,-42.3981750,-64.4535500,29.5
1586,-42.257326,-64.4762990,3.9
1587,-42.4161710,-64.3490810,3.8
1588,-42.352558,-64.188272,46.0
1590,-42.0218670,-64.5956260,154.0
1591,-42.3827200,-64.1415380,37.0
1594,-42.0918550,-64.0031280,44.0
1596,-42.3203300,-64.4891980,66.0
1598,-42.1961320,-64.5296720,107.0
1599,-42.1209770,-64.005559,48.0
1601,-42.0938530,-64.1434310,19.6
1602,-42.2486850,-64.3591460,3.2
1603,-42.015354,-64.0362290,90.0
1604,-42.1777050,-64.1648400,14.6
1605,-42.2303970,-64.3954710,10.5
1606,-42.2111370,-64.5225130,76.0
1608,-42.3413320,-64.4479620,73.0
1612,-42.3902730,-64.3405990,15.5
1614,-42.1464800,-64.4910580,171.0
1616,-42.3994040,-64.5325920,23.5
1617,-42.1339770,-64.2439620,95.0
1619,-42.4268090,-64.4208730,4.2
1622,-42.2766580,-64.3933790,43.0
1623,-42.2751650,-64.1001980,23.5
1624,-42.1143960,-64.1116700,52.0
1626,-42.3556430,-64.09145,41.0
1628,-42.3391380,-64.5487610,20.5
1629,-42.1753180,-64.5755590,125.0
1631,-42.3894880,-64.2907390,4.9
1632,-42.2398930,-64.4018940,8.7
1634,-42.1041070,-64.0135960,46.0
1639,-42.3770610,-64.3075030,10.5
1640,-41.7472610,-64.0476740,88.0
1642,-42.0431760,-64.3213010,129.0
1645,-42.3969910,-64.1328540,17.5
1646,-42.174368,-64.5514530,131.0
1647,-42.2535620,-64.2365460,9.6
1649,-42.4122130,-64.3361460,2.3
1650,-42.1841880,-64.2747700,12.6
1651,-42.3567240,-64.5611340,8.7
1652,-42.3304990,-64.553722,6.4
1653,-42.285259,-64.1407670,40.0
1654,-42.2052360,-64.6265800,73.0
1655,-42.1981000,-64.6414690,90.0
1658,-42.335778,-64.5512380,14.5
1659,-42.4082500,-64.5190110,18.5
1660,-41.9744230,-64.5308330,158.0
1663,-42.3919390,-64.2981020,6.1
1664,-42.3968100,-64.3379190,10.2
1667,-41.9747840,-64.3283070,149.0
1669,-42.3274220,-64.0628540,4.2
1670,-42.1669240,-64.1631650,15.6
1671,-42.2782080,-64.1164360,31.0
1673,-42.3586860,-64.0677630,28.5
1675,-42.1114220,-64.1044580,55.0
1677,-42.1317990,-64.1983260,47.0
1679,-42.0673470,-64.4429660,174.0
1680,-42.2828310,-64.0780460,10.5
1681,-42.1364420,-64.5296970,170.0
1682,-42.1279690,-64.174919,56.0
1683,-42.2637150,-64.3262900,8.2
1686,-42.4044530,-64.2062210,27.5
1688,-42.3755890,-64.1762870,51.0
1689,-42.2407770,-64.3919500,6.7
1694,-42.4068270,-64.5150690,19.5
1696,-42.3918280,-64.2368730,19.5
1697,-42.4019690,-64.5538810,18.5
1698,-42.1313980,-64.1618140,48.0
1700,-42.2011860,-64.6016790,93.0
1703,-42.408021,-64.3184280,1.5
1705,-42.1414830,-64.3659550,175.0
1706,-42.2670580,-64.3028520,36.0
1707,-42.3233570,-64.0807900,30.5
1709,-42.1200270,-64.2081630,50.0
1711,-42.4232130,-64.4108260,7.7
1713,-41.8117260,-64.0312140,77.0
1714,-42.131444,-64.3179680,168.0
1715,-42.3598340,-64.5599750,16.5
1717,-42.130942,-64.3584330,170.0
1718,-42.1355370,-64.3523630,171.0
1720,-42.3134230,-64.1306970,43.0
1722,-42.3503810,-64.5618120,4.9
1723,-42.1503900,-64.5540270,146.0
1725,-42.0673880,-63.9864110,54.0
1726,-42.2537860,-64.2523250,15.5
1727,-42.1846780,-64.4664160,164.0
1728,-41.7522180,-64.3776600,123.0
1729,-42.087823,-64.1611220,35.0
1730,-42.2719280,-64.0970850,15.5
1732,-42.0892020,-64.4070770,174.0
1733,-42.1094200,-64.4219700,175.0
1736,-42.3945990,-64.4115430,25.5
1738,-42.3449880,-64.4607240,46.0
1739,-42.3561360,-64.153773,59.0
1740,-42.1470040,-64.4658210,170.0
1741,-42.2214480,-64.3726220,38.0
1742,-42.3333230,-64.1665850,61.0
1743,-42.2551820,-64.2059020,3.1
1746,-42.1838250,-64.2474030,11.6
1747,-42.254466,-64.3655440,11.5
1748,-42.0811590,-64.3824360,164.0
1749,-42.4068630,-64.395377,18.5
1753,-42.4248780,-64.421937,6.6
1755,-42.2936290,-64.3189810,65.0
1757,-42.1488090,-64.0536950,32.0
1759,-42.1781830,-64.4317440,163.0
1760,-42.2805580,-64.0667370,1.8
1761,-42.3257430,-64.3086170,65.0
1762,-42.2537050,-64.4421770,16.6
1763,-42.046882,-64.5604740,152.0
1764,-42.0982190,-64.2283010,72.0
1765,-41.9746670,-64.3938500,160.0
1766,-42.2613410,-64.2796840,24.5
1767,-42.2296410,-64.4970930,10.5
1768,-42.2533940,-64.1394280,4.1
1769,-42.3969830,-64.0965280,6.2
1770,-42.2538950,-64.1209080,3.9
1771,-42.2633070,-64.2096200,14.5
1772,-42.2960170,-64.4251750,70.0
1774,-42.0840830,-64.3258300,165.0
1775,-42.2590980,-64.1206480,6.7
1776,-42.2828310,-64.0898740,24.5
1777,-42.2551670,-64.2431170,13.5
1780,-42.3374070,-64.5198130,43.0
1781,-41.9384710,-64.6100600,152.0
1782,-42.2834000,-64.2312600,46.0
1783,-42.1211880,-64.1140740,44.0
1786,-42.3002920,-64.3275400,70.0
1788,-42.2696160,-64.1088620,17.5
1789,-42.1115570,-63.9863360,50.0
1790,-42.2543190,-64.1325280,5.4
1792,-42.0260220,-64.4004020,138.0
1793,-42.2539980,-64.4155170,24.5
1795,-42.0785190,-64.5516110,159.0
1798,-42.3211320,-64.5106410,51.0
1800,-42.2667040,-64.2613060,29.5
1801,-42.3131990,-64.1172950,33.0
1805,-42.1273210,-64.1662090,56.0
1806,-42.3712040,-64.1665850,38.0
1809,-42.3006390,-64.2262740,51.0
1810,-42.2250190,-64.5208530,28.5
1811,-42.100341,-64.4216590,175.0
1813,-42.3982750,-64.5225880,29.5
1815,-42.2848440,-64.2417650,48.0
1821,-42.1785930,-64.3949710,146.0
1822,-42.3775120,-64.1643550,47.0
1824,-42.3266670,-64.3707670,58.0
1828,-42.3707190,-64.5043210,46.0
1829,-42.2591000,-64.2225030,9.1
1831,-42.0974030,-64.3748020,174.0
1832,-42.3106080,-64.5393900,14.5
1833,-42.3478100,-64.52539,50.0
1835,-42.419561,-64.4296760,4.4
1838,-42.2955550,-64.0710550,23.5
1839,-42.1263770,-64.1983890,48.0
1841,-42.4071960,-64.1186080,10.5
1842,-42.3544240,-64.1334710,56.0
1844,-42.4108260,-64.5155350,15.5
1845,-42.2049660,-64.2854290,10.6
1847,-42.3828680,-64.5086010,42.0
1848,-42.1171020,-64.4077520,175.0
1849,-42.422754,-64.357917,2.2
1850,-42.4107580,-64.3449310,9.4
1851,-42.2699790,-64.3138330,11.5
1854,-42.3989440,-64.4934880,17.5
1855,-42.3706810,-64.1365580,46.0
1856,-42.3588190,-64.4265670,60.0
1857,-42.0826710,-64.029454,40.0
1858,-42.1760930,-64.4806830,166.0
1859,-42.3398700,-64.1172900,14.5
1861,-42.3788630,-64.2900510,28.5
1862,-42.2708790,-64.4188430,43.0
1864,-42.1053710,-64.5880710,150.0
1865,-42.2740570,-64.1711670,33.0
1866,-42.2684150,-64.4645400,9.8
1868,-42.2250470,-64.3522590,7.5
1869,-42.2806710,-64.4101100,50.0
1870,-42.3724500,-64.1457920,49.0
1871,-42.354191,-64.5178240,60.0
1872,-42.2529040,-64.3808250,13.6
1873,-42.3801660,-64.1836530,48.0
1874,-42.0872060,-64.0721260,47.0
1875,-42.4062030,-64.1139390,7.2
1876,-42.0446160,-64.3885870,143.0
1877,-42.1105020,-64.3329510,172.0
1878,-42.115516,-64.6257020,141.0
1879,-42.213845,-64.3060010,5.9
1880,-42.1588050,-64.2294950,29.5
1881,-42.2488550,-64.3926420,14.6
1882,-42.0962670,-64.0125520,40.0
1885,-42.1614470,-64.3554940,164.0
1886,-42.4213520,-64.4388300,12.5
1887,-42.2687690,-64.1186670,19.5
1888,-42.1278500,-64.0444490,33.0
1890,-42.2754060,-64.310374,38.0
1892,-42.2531240,-64.1472100,5.3
1893,-42.2628160,-64.3630800,13.5
1894,-42.0877470,-64.5645590,156.0
1895,-42.1590970,-64.4573840,165.0
1896,-42.2555260,-64.3490300,5.0
1897,-42.3213290,-64.5550830,4.0
1898,-42.4196220,-64.4945700,4.4
1901,-42.3437950,-64.373672,76.0
1902,-42.1207250,-64.5306830,172.0
1903,-42.3139450,-64.4955960,57.0
1904,-42.3012550,-64.4412580,31.0
1905,-42.381169,-64.5179390,43.0
1908,-41.7223640,-64.1676400,109.0
1910,-42.4151140,-64.3450180,4.4
1911,-42.0898590,-63.9957350,51.0
1912,-42.2877360,-64.1562390,43.0
1913,-42.1737760,-64.1293640,14.6
1914,-42.3679880,-64.147712,54.0
1915,-42.3455660,-64.4288080,72.0
1916,-42.2673140,-64.2041530,19.5
1917,-42.3270140,-64.5141060,50.0
1919,-42.2159850,-64.4231600,89.0
1920,-42.2188880,-64.6429740,16.5
1921,-42.2095580,-64.4235490,112.0
1927,-42.3747150,-64.3180340,23.5
1928,-42.1035720,-63.9781470,60.0
1929,-42.0897380,-64.2101320,33.0
1930,-42.2934750,-64.262174,51.0
1931,-42.1560160,-64.082382,17.6
1932,-42.2012630,-64.5794750,94.0
1933,-42.3608690,-64.1351140,53.0
1936,-42.3156990,-64.5468580,7.2
1937,-42.1689840,-64.3568930,158.0
1940,-42.4169630,-64.5579790,9.8
1941,-42.4160280,-64.1361420,3.9
1942,-42.1447850,-64.2243380,45.0
1943,-42.3845230,-64.3237410,21.5
1944,-42.1042060,-64.074954,48.0
1946,-42.3413890,-64.0708860,9.6
1949,-42.4033360,-64.1472250,16.5
1950,-42.3621590,-64.0625470,26.5
1953,-42.3764570,-64.5064820,43.0
1954,-42.0961390,-64.1681190,20.6
1955,-42.4018800,-64.5823650,21.5
1956,-42.4131110,-64.1600490,5.0
1957,-42.3580740,-64.227384,53.0
1959,-42.352783,-64.2870440,62.0
1960,-42.309645,-64.4705220,64.0
1961,-42.4010560,-64.2170290,21.5
1962,-42.239772,-64.4261330,13.6
1963,-42.2641460,-64.1315950,16.5
1970,-41.9538530,-64.2535220,98.0
1972,-42.193972,-64.4531000,133.0
1974,-42.1556770,-64.5534450,145.0
1975,-42.4179650,-64.3531450,3.6
1977,-42.357686,-64.5652500,4.7
1978,-42.3965700,-64.2287880,29.5
1979,-42.3989820,-64.1050880,19.5
1982,-42.0424890,-64.5189810,163.0
1983,-42.0590440,-64.4902390,173.0
1984,-42.0448010,-64.4613210,127.0
1985,-42.3723240,-64.2507100,45.0
1986,-42.2262650,-64.5598970,12.5
1994,-42.4194330,-64.4652550,8.2
1995,-42.0200410,-64.4806130,154.0
1996,-42.3171550,-64.0552400,5.7
1997,-42.3157850,-64.0597810,5.9
1998,-42.4230520,-64.4193000,9.7
1999,-42.2836760,-64.5025550,9.0
2001,-42.3964890,-64.3239550,4.5
2002,-42.0790750,-64.6036550,148.0
2003,-42.1593240,-64.2888740,135.0
2004,-42.0613320,-64.5515160,158.0
2007,-42.0935190,-64.3399540,170.0
2008,-42.4124690,-64.396674,17.5
2009,-42.2631630,-64.1597380,18.5
2010,-42.3998830,-64.4239100,25.5
2011,-42.3911700,-64.3104230,6.0
2013,-42.4142240,-64.1421050,4.1
2014,-42.0895000,-64.5401990,166.0
2015,-42.4027220,-64.2638060,20.5
2016,-42.1372750,-64.303442,158.0
2020,-41.8062390,-64.1577550,96.0
2021,-42.240529,-64.4445140,12.6
2022,-42.3209000,-64.0883520,3.8
2023,-42.0861910,-64.2799930,148.0
2024,-42.099881,-64.1064490,32.0
2027,-42.3942530,-64.5780850,16.5
2028,-42.166019,-64.094314,16.6
2029,-42.1204920,-64.2714160,145.0
2031,-42.3051440,-64.2335370,52.0
2033,-42.3770890,-64.2999650,7.2
2034,-42.3820240,-64.4059790,39.0
2038,-42.4077400,-64.4758040,15.5
2039,-42.0802720,-64.2612950,142.0
2041,-42.2395030,-64.4093630,9.6
2043,-42.3537240,-64.3476440,50.0
2044,-42.37572,-64.5737510,17.5
2046,-42.3846770,-64.3307450,33.0
2048,-42.3226400,-64.552489,6.0
2049,-42.309637,-64.171983,57.0
2050,-42.2700480,-64.4720400,12.5
2052,-41.9526770,-64.5974590,171.0
2053,-42.1044240,-64.3098580,170.0
2057,-42.4218990,-64.4263900,4.5
2058,-42.3420640,-64.4796590,63.0
2061,-42.1036920,-64.2399920,97.0
2062,-41.9746410,-64.4082390,156.0
2063,-42.2273900,-64.5954590,4.0
2065,-42.3483390,-64.3879210,63.0
2066,-42.1467990,-64.0472100,33.0
2067,-42.352853,-64.10282,48.0
2068,-42.3862660,-64.0721340,3.1
2069,-42.2582560,-64.3435390,6.1
2071,-42.3836710,-64.2875870,26.5
2072,-42.2726000,-64.1540480,30.5
2073,-42.3848950,-64.345344,30.5
2074,-42.1054240,-64.5634980,157.0
2075,-42.2297930,-64.3807800,10.6
2076,-42.37587,-64.424396,38.0
2078,-42.1741210,-64.6527540,113.0
2079,-42.096289,-64.5762300,151.0
2080,-42.3781460,-64.415447,31.0
2081,-42.3885990,-64.109186,28.5
2082,-41.7450920,-64.0980350,114.0
2083,-42.3142660,-64.5492900,4.0
2085,-42.1549670,-64.5035550,169.0
2088,-42.1010960,-64.2218460,50.0
2090,-42.2838330,-64.1242180,37.0
2094,-42.2666400,-64.2236940,18.5
2095,-42.1469070,-64.3547160,167.0
2096,-42.3920860,-64.5109010,33.0
2097,-42.4177190,-64.5629550,8.6
2098,-42.022112,-64.5720170,143.0
2099,-42.3671750,-64.315233,28.5
2100,-42.0618270,-64.6419400,158.0
2102,-42.303604,-64.1136990,46.0
2103,-41.7784060,-64.5682700,134.0
2104,-42.4130630,-64.6029450,-0.4
2106,-42.4035360,-64.3945230,20.5
2110,-42.4195010,-64.3918140,9.9
2111,-42.0858630,-64.2175590,66.0
2112,-42.3722160,-64.4620510,54.0
2113,-42.4187060,-64.3879400,9.4
2115,-42.2609890,-64.4050300,30.5
2117,-42.4069710,-64.1667500,9.0
2118,-42.1138820,-64.1549290,45.0
2119,-42.1463350,-64.5660510,145.0
2123,-42.404572,-64.428516,17.5
2124,-42.1727090,-64.5011320,156.0
2125,-42.1161260,-64.0346100,47.0
2126,-42.28876,-64.511298,16.5
2129,-42.3362900,-64.4768580,59.0
2130,-42.2608660,-64.19959,7.3
2131,-42.1354710,-64.5531060,156.0
2132,-42.407676,-64.484969,8.4
2134,-42.0982840,-64.1244260,24.5
2136,-42.4092180,-64.3862800,13.5
2137,-42.1978300,-64.343481,115.0
2141,-42.3655800,-64.0696870,31.0
2142,-42.3248770,-64.3454720,72.0
2143,-42.2613720,-64.1450830,14.5
2144,-42.3702600,-64.4217160,49.0
2145,-42.2973650,-64.1021300,43.0
2146,-42.0661530,-64.2614150,143.0
2150,-42.4101550,-64.1832810,7.0
2152,-42.3856230,-64.5299900,30.5
2154,-42.2576440,-64.1758410,6.0
2155,-42.2736690,-64.4724550,21.5
2158,-42.257623,-64.2007570,3.6
2159,-42.3490700,-64.3664430,70.0
2160,-42.2339170,-64.417799,12.6
2162,-42.3713180,-64.3699240,49.0
2163,-42.4036350,-64.384393,20.5
2164,-42.3785300,-64.497501,50.0
2165,-41.6699150,-64.2585610,101.0
2166,-42.0415970,-64.3026250,145.0
2167,-42.3151960,-64.5179040,34.0
2169,-41.9824260,-64.1286650,109.0
2170,-42.3657080,-64.4678440,56.0
2172,-41.945128,-64.6609420,145.0
2173,-42.1938390,-64.2175220,8.3
2175,-42.3835300,-64.3875630,40.0
2178,-42.1353130,-64.1560140,38.0
2179,-42.1476780,-64.1384280,30.5
2180,-42.1412710,-64.2307190,58.0
2181,-41.8865050,-64.3988910,171.0
2182,-42.4066320,-64.163497,12.5
2184,-42.3449880,-64.3277600,52.0
2185,-41.9744630,-64.3484700,160.0
2186,-42.2358490,-64.4648260,6.5
2187,-42.4008470,-64.336838,4.6
2188,-42.1117660,-64.5469090,167.0
2189,-42.412001,-64.436679,16.5
2190,-42.2908530,-64.487754,28.5
2191,-41.7681280,-64.3121710,118.0
2194,-42.3566830,-64.4147730,70.0
2195,-42.3238830,-64.0881560,5.9
2196,-42.3255890,-64.1494030,46.0
2197,-42.0983010,-64.324996,172.0
2198,-42.4127840,-64.1547750,2.6
2199,-42.2833030,-64.2553830,45.0
2201,-42.428464,-64.4299880,2.7
2202,-42.2885060,-64.213201,44.0
2203,-42.3586250,-64.1210210,52.0
2206,-42.3665110,-64.22251,41.0
2207,-42.4171580,-64.5049930,6.2
2208,-42.4264280,-64.4451890,6.4
2210,-42.1911560,-64.2923290,33.0
2211,-42.3538060,-64.5282430,50.0
2213,-42.273094,-64.3765190,38.0
2214,-42.2196590,-64.596024,34.0
2215,-42.3531740,-64.14485,51.0
2216,-42.1429680,-64.6423800,130.0
2219,-42.3497370,-64.2974630,65.0
2221,-42.0861710,-64.5887760,150.0
2223,-42.1434180,-64.6333010,131.0
2225,-42.1215670,-64.5891480,146.0
2230,-42.1144660,-64.2191270,45.0
2231,-42.0611800,-64.3291920,178.0
2233,-42.1910230,-64.2066800,12.6
2234,-42.2385230,-64.4541510,0.5
2235,-42.3218610,-64.0954630,6.4
2236,-41.9706470,-64.2917550,154.0
2237,-42.1895350,-64.2513450,8.7
2239,-42.1960940,-64.5963870,103.0
2240,-42.3305170,-64.224626,58.0
2241,-42.3306320,-64.4951190,69.0
2242,-42.1633830,-64.5852000,128.0
2245,-42.2888240,-64.4950000,24.5
2246,-42.1530840,-64.2885280,142.0
2247,-42.0740350,-64.5156230,170.0
2250,-42.0753480,-64.1994310,61.0
2251,-41.7029220,-64.6487410,149.0
2252,-42.4006920,-64.1944360,27.5
2253,-42.1344200,-64.0371000,42.0
2257,-42.1441090,-64.4122310,176.0
2258,-42.1784000,-64.2846780,80.0
2260,-42.3773120,-64.3569110,39.0
2262,-42.3698680,-64.3070360,21.5
2263,-42.3257820,-64.3209640,66.0
2264,-42.3946390,-64.5621810,30.5
2266,-42.1493830,-64.1152480,28.5
2269,-41.9904770,-64.6168470,110.0
2270,-42.1679420,-64.2157320,23.5
2271,-42.3500370,-64.3321670,48.0
2272,-42.1525690,-64.3196550,161.0
2273,-42.3013700,-64.150584,54.0
2276,-42.0450720,-64.4173100,138.0
2277,-42.3110740,-64.0728000,26.5
2278,-42.0195390,-64.4300570,140.0
2279,-41.8338480,-64.0853160,79.0
2280,-42.3811910,-64.364909,35.0
2281,-41.7911370,-64.5530310,131.0
2282,-42.364506,-64.4213010,55.0
2284,-42.3509550,-64.2101780,48.0
2285,-42.3084500,-64.3539890,76.0
2286,-42.2115610,-64.4525810,107.0
2288,-42.1361140,-64.1070630,34.0
2292,-42.0940720,-64.4924580,172.0
2294,-42.335867,-64.3248030,59.0
2295,-42.3294000,-64.4181320,74.0
2297,-42.3351360,-64.4224380,73.0
2302,-42.2356360,-64.4277610,63.0
2303,-42.1451900,-64.0715280,26.5
2304,-42.2663830,-64.1990090,16.5
2305,-42.3667180,-64.1325120,49.0
2307,-42.0668480,-64.0772130,59.0
2308,-42.4125780,-64.4665520,21.5
2309,-42.2656770,-64.2715090,29.5
2310,-42.3591900,-64.3620850,62.0
2311,-42.3783350,-64.0834350,37.0
2312,-42.2631440,-64.1235020,14.5
2313,-42.4102630,-64.2867520,2.2
2314,-42.0520770,-64.5921460,150.0
2315,-42.1003190,-64.1325620,27.5
2316,-42.2657260,-64.1012980,6.7
2317,-42.3211590,-64.0537510,3.7
2318,-42.315926,-64.3369990,73.0
2320,-42.4135770,-64.3673690,6.8
2321,-42.0162820,-64.1352010,109.0
2324,-42.3885420,-64.3580220,27.5
2325,-42.3920990,-64.3300940,24.5
2326,-42.0776840,-64.5765120,151.0
2327,-42.4114620,-64.3495140,9.0
2328,-42.1836800,-64.1526230,9.2
2329,-42.3117310,-64.4388760,40.0
2331,-42.2481680,-64.4356420,13.6
2333,-42.1122210,-64.5205860,172.0
2334,-42.4024170,-64.3164760,6.6
2335,-42.0773590,-64.627,144.0
2336,-42.3599690,-64.4055580,51.0
2338,-42.4072040,-64.5645590,23.5
2340,-42.1460380,-64.3190060,165.0
2342,-41.9019700,-64.3391610,154.0
2343,-42.3959150,-64.1665230,24.5
2346,-42.0879840,-64.2484590,128.0
2347,-42.2502640,-64.2565910,6.5
2349,-42.1409030,-64.1744540,36.0
2350,-42.2700120,-64.426192,37.0
2351,-42.419637,-64.5261060,5.1
2352,-42.2630290,-64.093101,2.7
2354,-42.1438170,-64.1434000,29.5
2355,-42.1634000,-64.489611,169.0
2356,-42.1268490,-64.464005,172.0
2357,-42.2886600,-64.3945150,45.0
2358,-42.1393600,-64.4538370,173.0
2361,-42.1435090,-64.1980580,36.0
2362,-42.2853260,-64.4026310,49.0
2363,-42.1254020,-64.0018480,35.0
2364,-42.3526840,-64.4854440,72.0
2365,-41.9271650,-64.1374050,109.0
2366,-42.2252640,-64.4226700,60.0
2367,-42.335559,-64.2551300,60.0
2370,-42.386059,-64.2124900,40.0
2371,-42.3920090,-64.4849620,17.5
2373,-41.9700830,-64.1879130,154.0
2374,-42.3978030,-64.3128010,6.8
2378,-42.1392620,-64.2053650,44.0
2380,-42.4134230,-64.5181470,6.9
2381,-42.4170270,-64.1405190,3.6
2382,-42.324014,-64.0580300,4.8
2383,-42.3150680,-64.4074460,85.0
2384,-41.7145230,-64.4752220,118.0
2385,-42.2503710,-64.2256690,5.0
2386,-42.3875460,-64.0811200,10.5
2387,-42.2858480,-64.3122360,59.0
2388,-42.0962750,-63.9794440,62.0
2389,-42.1301310,-64.4112970,176.0
2390,-42.2512220,-64.3612640,8.2
2391,-42.409476,-64.3660280,13.5
2392,-42.4017960,-64.4867000,7.5
2394,-42.2134510,-64.6537640,26.5
2395,-42.2943990,-64.2439130,52.0
2397,-42.128101,-64.5173500,172.0
2398,-42.1535500,-64.6439340,125.0
2399,-42.1336040,-64.6232280,137.0
2400,-42.3975600,-64.4631990,30.5
2401,-42.2482010,-64.4443120,14.6
2403,-42.1175770,-63.9874140,39.0
2404,-42.2235930,-64.6005890,14.5
2406,-42.37672,-64.113213,42.0
2407,-42.4061980,-64.1999090,24.5
2408,-42.1360720,-64.1337140,31.0
2409,-42.0195060,-64.4548610,156.0
2411,-42.2830140,-64.2183770,37.0
2412,-42.3896830,-64.4804750,22.5
2414,-42.3857710,-64.2651030,20.5
2417,-41.9741600,-64.3165930,141.0
2419,-42.0968330,-64.0845950,32.0
2420,-42.1219340,-64.452682,173.0
2421,-42.3416020,-64.3124040,51.0
2424,-42.2626860,-64.1665030,17.5
2425,-42.4004050,-64.1153080,20.5
2427,-42.0942390,-64.4319250,173.0
2428,-42.2943440,-64.5260110,4.5
2429,-42.2671220,-64.3325090,16.5
2430,-42.3062110,-64.4107320,77.0
2432,-42.3367570,-64.1012010,36.0
2434,-42.3717030,-64.4120750,43.0
2435,-42.311819,-64.1600940,56.0
2437,-42.126195,-64.152339,54.0
2439,-42.2428790,-64.258125,1.3
2440,-42.3641380,-64.5717130,0.0
2441,-42.310351,-64.425863,60.0
2442,-42.3108100,-64.3037920,70.0
2446,-42.265707,-64.4281960,34.0
2451,-41.8291930,-64.0248950,72.0
2452,-42.380069,-64.4745020,41.0
2455,-42.3737790,-64.3388590,34.0
2456,-42.1238670,-64.1070650,39.0
2462,-42.1307490,-64.3368510,170.0
2463,-42.34495,-64.1599860,60.0
2464,-42.2753570,-64.0774230,5.9
2465,-41.7293390,-64.1929510,109.0
2467,-42.1286810,-64.5692750,150.0
2468,-42.089494,-64.5126690,170.0
2470,-42.3623300,-64.3041140,30.5
2474,-42.261466,-64.3193220,5.4
2476,-42.3409660,-64.1090220,39.0
2477,-42.0971590,-64.0345920,39.0
2479,-42.1195810,-64.1580480,53.0
2481,-42.3349430,-64.4112320,74.0
2482,-42.4016900,-64.4423790,25.5
2483,-42.1912330,-64.6138700,108.0
2484,-42.1395490,-64.1499970,32.0
2485,-42.0859500,-64.0631770,45.0
2486,-42.3461190,-64.1233120,6.2
2487,-42.2172710,-64.37046,69.0
2488,-42.1446940,-64.0962910,28.5
2490,-42.0911190,-64.1485330,30.5
2491,-42.3117870,-64.0926090,27.5
2493,-42.1382480,-64.0143760,17.6
2494,-42.3234980,-64.2415860,56.0
2495,-42.2469670,-64.4558430,9.7
2496,-42.0946770,-64.2349840,97.0
2497,-42.4026050,-64.1536580,12.5
2498,-42.3223430,-64.1233900,37.0
2499,-42.3796950,-64.5782900,12.5
2500,-42.377633,-64.4459250,53.0
2501,-42.2898930,-64.2363390,48.0
2503,-42.363329,-64.5118580,61.0
2506,-42.2788700,-64.4837640,13.5
2507,-42.4067280,-64.1413670,9.9
2508,-42.300061,-64.1408830,54.0
2511,-42.1638940,-64.5146760,154.0
2512,-42.3744070,-64.2712880,35.0
2515,-42.2638210,-64.2019680,13.5
2516,-42.362816,-64.4899830,73.0
2517,-42.3216050,-64.2083840,56.0
2518,-42.4100020,-64.1389420,8.9
2520,-42.2595600,-64.1319580,12.5
2522,-42.1878380,-64.2442900,8.7
2523,-42.1739440,-64.5267080,138.0
2525,-42.0826140,-64.2241530,97.0
2529,-42.3958240,-64.581587,12.5
2532,-42.1165490,-64.1826880,42.0
2534,-42.0797240,-64.4687100,173.0
2535,-42.2246290,-64.3873200,39.0
2537,-42.2694620,-64.1301840,21.5
2538,-42.2763660,-64.4657620,20.5
2539,-42.3652690,-64.4341320,55.0
2540,-42.369469,-64.5137880,56.0
2543,-42.3340960,-64.4853140,69.0
2544,-42.0307650,-63.9854260,105.0
2546,-42.388847,-64.4306540,35.0
2549,-42.4025130,-64.3259440,11.5
2550,-42.4163580,-64.4280330,9.2
2553,-42.3075190,-64.1215310,43.0
2555,-42.0879210,-64.0334310,29.5
2556,-42.3599660,-64.2481350,54.0
2558,-42.4104200,-64.599127,8.2
2559,-42.1713190,-64.1835560,14.6
2562,-42.4078970,-64.5544340,8.6
2564,-41.8451820,-64.3184300,136.0
2565,-42.4273440,-64.4685030,5.6
2566,-42.2614030,-64.3358440,7.3
2567,-42.3410630,-64.1247090,14.5
2568,-42.3880930,-64.3697370,34.0
2569,-42.2039440,-64.2467970,3.2
2570,-42.2876200,-64.380975,54.0
2572,-42.2660560,-64.3834,33.0
2576,-42.403718,-64.4944390,7.5
2578,-42.3536230,-64.1192480,55.0
2579,-42.1705610,-64.1701740,10.0
2582,-42.1872980,-64.2675830,10.6
2584,-41.9908840,-64.6410190,160.0
2585,-41.8386960,-64.2267210,90.0
2586,-42.1763820,-64.4547010,150.0
2588,-42.1011480,-64.0408870,35.0
2589,-42.202497,-64.4135170,113.0
2593,-42.3878860,-64.232506,22.5
2595,-42.1258900,-64.0956230,38.0
2597,-41.8283050,-64.6028200,136.0
2598,-41.9390850,-64.4014070,156.0
2605,-42.1603570,-64.1465210,24.5
2606,-42.1420160,-64.1253350,29.5
2607,-41.7674560,-64.0635520,101.0
2608,-42.1992180,-64.3066990,43.0
2609,-42.2101340,-64.588346,69.0
2610,-42.119958,-64.1043550,47.0
2611,-42.3741270,-64.1871810,28.5
2614,-41.7735160,-64.0288550,101.0
2615,-42.2699150,-64.4348820,33.0
2616,-42.3788290,-64.5466440,41.0
2617,-42.1413480,-64.5104710,171.0
2618,-42.3438770,-64.0977850,45.0
2620,-42.0869160,-64.042314,28.5
2621,-42.4204580,-64.3995000,12.5
2622,-42.3526870,-64.2421690,60.0
2623,-42.2945440,-64.4703750,44.0
2625,-42.2199440,-64.4341250,80.0
2629,-42.3290560,-64.5577860,3.2
2631,-42.4048690,-64.2767320,8.0
2633,-42.4088180,-64.575142,10.5
2634,-42.0724260,-64.2460940,133.0
2635,-42.3709890,-64.1179340,46.0
2637,-42.2909330,-64.2491530,50.0
2639,-42.2856150,-64.4145630,57.0
2640,-42.2841060,-64.4961240,17.5
2641,-42.2892380,-64.4425540,26.5
2642,-42.0562780,-64.364216,171.0
2643,-42.249998,-64.3926470,15.6
2644,-42.171613,-64.6387460,116.0
2645,-42.285422,-64.3528280,49.0
2646,-42.3451810,-64.55509,11.5
2647,-42.4127380,-64.4267360,11.5
2648,-42.2544730,-64.1539020,6.9
2649,-42.1646990,-64.1920940,24.5
2650,-42.3935090,-64.3501970,20.5
2651,-42.3997750,-64.2369160,15.5
2652,-42.4159410,-64.4772310,5.8
2655,-42.2055060,-64.5391140,88.0
2657,-41.9709850,-64.2367490,151.0
2659,-42.3535500,-64.555047,19.5
2660,-42.4194,-64.5075870,4.4
2661,-42.4009090,-64.5486230,19.5
2662,-42.1919660,-64.5703960,113.0
2663,-42.2619110,-64.1150450,8.4
2665,-42.3761510,-64.2069100,32.0
2666,-42.3327790,-64.0870210,36.0
2668,-42.2576460,-64.3516240,6.6
2674,-42.1523530,-64.6193960,129.0
2675,-42.1715690,-64.4212740,161.0
2677,-42.0665600,-64.4729470,172.0
2678,-42.2554740,-64.3090100,4.1
2680,-42.0863940,-64.1853120,41.0
2681,-42.3526550,-64.2309720,57.0
2682,-42.2270040,-64.5797750,8.7
2684,-42.0106350,-64.4372580,151.0
2685,-42.2920110,-64.3333510,59.0
2686,-42.1737310,-64.409653,143.0
2688,-42.0450700,-64.3520640,193.0
2690,-42.2561630,-64.2495580,21.5
2692,-42.3593050,-64.3949240,53.0
2693,-42.3843640,-64.4659420,41.0
2694,-42.2409400,-64.4363780,5.8
2695,-42.3331960,-64.1039670,25.5
2696,-42.1878210,-64.1406910,1.9
2699,-42.1047480,-64.4739630,172.0
2700,-42.3457920,-64.2238820,62.0
2702,-42.1351950,-64.2243800,62.0
2703,-42.148568,-64.2176460,39.0
2704,-41.9978050,-64.393307,149.0
2707,-42.3847550,-64.2979120,4.4
2708,-41.9990630,-64.4333830,160.0
2710,-42.1073990,-63.9929290,56.0
2711,-42.0997690,-64.1618630,23.5
2712,-42.0928090,-64.0400230,34.0
2714,-42.387687,-64.5825290,3.3
2716,-42.4076990,-64.2164470,10.5
2717,-42.3391380,-64.262549,66.0
2718,-42.2522230,-64.3789840,12.6
2719,-42.4204860,-64.56503,4.2
2720,-42.0647370,-64.3167410,149.0
2722,-42.3785950,-64.3949980,32.0
2723,-42.2898540,-64.0741160,26.5
2725,-42.2066630,-64.6061400,76.0
2729,-42.3646430,-64.5665900,15.5
2730,-42.0850580,-64.6367120,143.0
2731,-42.1069570,-64.3433970,172.0
2732,-42.4092780,-64.1138960,4.0
2737,-42.0739430,-64.357068,158.0
2738,-42.406881,-64.3444990,6.0
2740,-42.3003310,-64.3653600,68.0
2741,-42.3151960,-64.4291050,57.0
2742,-42.1392250,-64.2411990,86.0
2744,-42.3712640,-64.5623810,24.5
2745,-42.3963380,-64.180738,24.5
2748,-42.2901630,-64.358823,56.0
2749,-42.259737,-64.4688040,11.6
2750,-42.0819630,-64.010043,40.0
2754,-42.1141710,-64.5754430,152.0
2756,-42.3805450,-64.3028400,5.5
2760,-42.4083810,-64.405725,13.5
2762,-42.2592990,-64.2846640,15.5
2763,-42.3009850,-64.3951900,46.0
2764,-42.1862170,-64.4427240,164.0
2765,-42.1126450,-64.5993720,145.0
2768,-42.3455650,-64.5343820,34.0
2769,-42.1245130,-64.1304850,47.0
2770,-41.9921940,-64.4343770,163.0
2771,-41.9729780,-64.6143230,152.0
2772,-42.4151610,-64.3797090,4.3
2773,-42.4137740,-64.2531360,3.6
2774,-42.3049130,-64.3625060,70.0
2775,-42.2683080,-64.097355,6.7
2776,-42.206185,-64.293758,10.4
2777,-41.9951850,-64.3221800,145.0
2779,-42.1070580,-64.149784,35.0
2781,-42.4196400,-64.1469500,1.8
2782,-42.0333150,-64.6257640,156.0
2785,-42.1603340,-64.172249,28.5
2786,-42.3418710,-64.4046430,68.0
2788,-42.0207840,-64.3459530,151.0
2789,-42.3814470,-64.4372360,43.0
2790,-42.4229240,-64.4298920,5.5
2791,-41.8487230,-64.2633540,118.0
2792,-42.1119790,-64.3737460,175.0
2793,-42.0859650,-64.1380510,41.0
2794,-42.2539990,-64.4613780,11.6
2799,-42.3310790,-64.077769,29.5
2800,-42.4070040,-64.1089240,2.7
2801,-42.1295190,-64.1164950,33.0
2802,-42.3126260,-64.271745,56.0
2804,-42.1873360,-64.298762,79.0
2811,-42.3074550,-64.1299620,49.0
2813,-42.3750230,-64.3285140,39.0
2814,-42.0472530,-64.5772800,151.0
2815,-42.0219830,-64.6141800,163.0
2817,-42.1137490,-64.286845,159.0
2818,-42.3968740,-64.3328610,8.0
2820,-42.004924,-64.5460520,151.0
2821,-42.389982,-64.5247590,32.0
2824,-42.0737510,-64.4865790,171.0
2828,-42.3138080,-64.3707200,65.0
2829,-42.4132130,-64.2440570,6.7
2831,-42.4023360,-64.1350330,13.5
2833,-42.0134490,-64.3016410,52.0
2834,-41.9062980,-64.4019180,167.0
2835,-42.3162150,-64.3242890,71.0
2836,-42.3279370,-64.449933,76.0
2837,-42.2694310,-64.4922200,3.1
2838,-42.1241480,-64.6117860,142.0
2840,-42.1917350,-64.3575920,136.0
2841,-42.1655100,-64.246548,25.5
2843,-42.1611580,-64.3420490,162.0
2844,-42.2531480,-64.176706,4.0
2845,-42.3119470,-64.2397270,47.0
2846,-42.2988290,-64.3158680,70.0
2847,-42.2599630,-64.2623840,20.6
2848,-42.2756630,-64.4050080,46.0
2851,-42.1138270,-64.0866800,42.0
2853,-42.3473640,-64.2127720,60.0
2854,-42.3862890,-64.3140400,7.8
2856,-42.2541040,-64.4496720,23.5
2857,-42.068963,-64.1334220,60.0
2858,-42.2703940,-64.4589670,13.5
2859,-42.3258590,-64.1144890,24.5
2860,-42.3057220,-64.1863790,55.0
2861,-41.8556070,-64.3983730,174.0
2862,-42.4173250,-64.3645590,6.4
2863,-42.3698340,-64.0975980,49.0
2864,-42.349894,-64.5589380,10.5
2868,-42.415706,-64.5840820,5.4
2869,-42.1730800,-64.595895,124.0
2871,-42.282886,-64.3218300,48.0
2872,-42.4265340,-64.4412980,8.6
2873,-42.0173250,-64.2966340,158.0
2874,-42.0611660,-64.4303060,173.0
2875,-42.1951680,-64.489103,136.0
2876,-42.0437050,-64.4840180,156.0
2877,-42.0768650,-64.0623850,54.0
2878,-42.3411010,-64.2499430,64.0
2879,-42.1311860,-64.0643140,29.5
2880,-42.0030120,-64.5674490,180.0
2881,-42.1375840,-64.4783750,172.0
2883,-42.3760890,-64.2278530,49.0
2886,-42.4116630,-64.5783580,9.3
2887,-42.3874520,-64.4188060,25.5
2888,-42.377974,-64.1955330,29.5
2889,-42.1020960,-64.1703240,25.5
2891,-42.4056870,-64.5439290,14.5
2892,-42.2378190,-64.437402,8.8
2893,-41.7274030,-64.5672910,136.0
2894,-42.1245210,-64.6355590,138.0
2895,-42.0786120,-64.1392400,58.0
2896,-42.3389460,-64.358368,65.0
2897,-42.3047500,-64.4777670,52.0
2898,-42.3946750,-64.1009890,27.5
2900,-42.2699490,-64.1955970,23.5
2902,-42.0845730,-64.0936860,51.0
2904,-42.0706340,-64.5928230,150.0
2905,-42.2831110,-64.3880180,46.0
2906,-42.0696290,-64.3723600,160.0
2907,-42.339331,-64.4683500,48.0
2908,-42.2366430,-64.3937380,3.2
2909,-41.9989700,-64.371238,152.0
2910,-42.28478,-64.2053640,40.0
2911,-42.2888240,-64.5149730,8.0
2913,-42.0641570,-64.2947960,150.0
2914,-42.3627290,-64.0946060,45.0
2916,-42.3803250,-64.488552,38.0
2918,-42.2145300,-64.5487110,64.0
2920,-42.1080220,-64.1208000,46.0
2921,-42.0434100,-64.6430870,143.0
2923,-42.2086300,-64.6581220,35.0
2924,-42.4127350,-64.5468680,5.2
2925,-42.1479040,-64.3976880,170.0
2926,-42.3411510,-64.0750020,15.5
2928,-42.2742500,-64.2595770,34.0
2929,-42.1077890,-64.3888770,175.0
2930,-42.4017590,-64.1654340,16.5
2931,-42.0023860,-64.5956340,152.0
2934,-42.2364360,-64.4180790,9.6
2935,-42.2816980,-64.1642940,39.0
2936,-42.2919730,-64.1320120,47.0
2938,-42.2298700,-64.5405890,7.1
2942,-42.4097230,-64.5504130,8.5
2944,-42.1620780,-64.2526120,35.0
2945,-42.3607030,-64.2039180,43.0
2946,-42.2030760,-64.5591900,92.0
2950,-42.3844880,-64.3028400,4.2
2951,-42.1849670,-64.4919230,153.0
2953,-42.1832810,-64.5373940,122.0
2954,-42.3307090,-64.2812250,69.0
2955,-42.0203200,-64.3623770,154.0
2957,-42.2641170,-64.3089740,13.5
2958,-42.0996230,-64.5198850,170.0
2959,-42.0747100,-64.3103080,160.0
2960,-41.6801130,-64.0221120,87.0
2962,-42.268342,-64.3570640,27.5
2963,-42.413492,-64.2172390,5.3
2965,-42.2907400,-64.1153070,43.0
2966,-42.3746200,-64.474934,50.0
2969,-42.2762080,-64.1961120,30.5
2971,-42.0808610,-64.0572110,51.0
2972,-42.3986450,-64.1559400,15.5
2973,-42.0961570,-64.0982990,25.5
2974,-42.3700460,-64.54003,40.0
2975,-42.3657030,-64.1697500,49.0
2977,-42.0880960,-64.1123540,41.0
2979,-42.1761620,-64.2032300,13.6
2980,-42.3047240,-64.5424370,2.7
2981,-42.2611450,-64.3789510,22.5
2983,-42.1063420,-64.6144250,145.0
2984,-42.3075190,-64.1377430,51.0
2985,-42.3583590,-64.4987590,68.0
2987,-42.1194730,-64.5575950,160.0
2988,-42.2146850,-64.5032660,69.0
2989,-42.3430390,-64.5624120,3.0
2991,-42.3936350,-64.5478880,25.5
2992,-42.3961540,-64.289183,7.5
2993,-42.1302290,-64.005559,17.6
2994,-42.3883940,-64.4924330,21.5
2995,-42.1257150,-64.058089,33.0
2996,-42.1164060,-64.316883,170.0
2999,-42.2084010,-64.3940210,86.0
3000,-42.1025470,-64.358485,173.0
3001,-42.3481620,-64.5148410,59.0
3004,-42.423693,-64.4343440,9.1
3006,-42.3817200,-64.1223440,36.0
3007,-42.3440260,-64.3005240,60.0
3009,-42.1716080,-64.2093510,19.6
3010,-42.1862950,-64.3721180,139.0
3011,-42.2809600,-64.346559,39.0
3012,-42.0863950,-64.1461210,37.0
3013,-42.0930550,-64.391174,174.0
3015,-42.177165,-64.3196960,140.0
3016,-42.3517890,-64.2204670,58.0
3018,-42.1268460,-64.5831090,145.0
3019,-42.3402930,-64.2854790,73.0
3020,-42.2326830,-64.3914070,8.7
3021,-42.1812990,-64.6267620,116.0
3022,-42.2792580,-64.1742800,39.0
3024,-42.1456400,-64.5419280,159.0
3025,-42.4220020,-64.5038350,3.0
3026,-41.7819470,-63.9999550,90.0
3028,-42.2637770,-64.39686,33.0
3035,-42.3195270,-64.5422860,19.5
3036,-42.0328980,-64.3445120,180.0
3037,-42.2744420,-64.3648460,42.0
3038,-42.2669930,-64.3169450,10.5
3039,-42.4105220,-64.1638680,6.2
3040,-42.1180540,-64.0566050,40.0
3041,-41.9589300,-64.4018290,149.0
3042,-42.3453640,-64.0715070,15.5
3044,-42.3137700,-64.0674050,18.5
3046,-42.4090540,-64.428292,10.5
3047,-42.193837,-64.2354880,14.6
3050,-41.7507940,-64.5956440,134.0
3052,-42.2019960,-64.4647200,129.0
3053,-42.300138,-64.1907900,53.0
3057,-42.0143470,-64.5319630,156.0
3061,-42.2469870,-64.2582770,5.3
3064,-42.3386380,-64.1358110,25.5
3067,-42.4046280,-64.4249010,19.5
3070,-42.3807860,-64.2780750,35.0
3073,-42.185813,-64.6570590,101.0
3084,-42.3472090,-64.1154440,39.0
3343,-42.1470680,-64.3049990,155.0
3344,-42.1947820,-64.4014810,122.0
3345,-42.3353670,-64.3373050,47.0
3348,-42.4029620,-64.3641170,22.5
3349,-42.325198,-64.2864180,62.0
3350,-42.216073,-64.4573020,79.0
3351,-42.4133140,-64.447487,16.5
3352,-42.1613170,-64.3184870,156.0
3353,-42.3553240,-64.0705250,26.5
3354,-42.4100980,-64.3401230,7.8
3356,-42.1814480,-64.2220100,12.6
3357,-42.2624140,-64.4360440,31.0
3358,-41.9920100,-64.5014830,152.0
3360,-41.9875170,-64.4014350,151.0
3372,-42.2457730,-64.3942410,8.9
3538,-42.1541780,-64.3916790,173.0
3543,-42.3361750,-64.3729980,71.0
3544,-42.3709450,-64.2854250,46.0
3546,-42.2760800,-64.4307750,46.0
3548,-42.4032590,-64.190958,13.5
3551,-42.395609,-64.2820930,17.5
3553,-42.3288230,-64.2367140,58.0
3555,-42.2690480,-64.1841370,22.5
3556,-42.1277020,-64.5430540,166.0
3557,-42.1937400,-64.5024360,121.0
3559,-42.2599530,-64.406459,29.5
3563,-42.2889690,-64.2260670,43.0
3564,-42.252662,-64.1249020,2.2
3565,-42.2555190,-64.1595650,5.0
3566,-42.3191020,-64.375821,58.0
3567,-42.3228000,-64.4024750,73.0
3568,-42.4080490,-64.5837020,21.5
3569,-42.2838490,-64.4259760,60.0
3571,-42.133739,-64.4994110,173.0
3572,-42.4002870,-64.2686050,16.5
3573,-42.3819070,-64.3145070,16.5
3574,-42.357228,-64.4457530,62.0
3575,-42.3575610,-64.2167920,49.0
3577,-42.0753410,-64.1160430,55.0
3578,-42.3168240,-64.2779440,59.0
3579,-41.7360810,-64.6126210,131.0
3580,-41.8166290,-64.528836,151.0
3581,-42.0692400,-64.1423160,53.0
3582,-41.9983130,-64.2985320,143.0
3583,-42.2553980,-64.1406730,1.4
3584,-41.9902840,-64.5462960,169.0
3586,-42.2580550,-64.4606880,15.6
3590,-41.7915930,-64.1098790,103.0
3591,-42.405176,-64.1239550,16.5
3593,-42.3453710,-64.3118110,47.0
3594,-42.0808460,-64.0811770,56.0
3595,-42.37951,-64.3426980,42.0
3596,-42.1065550,-64.1092310,49.0
3598,-42.225015,-64.3576200,9.9
3600,-42.183498,-64.6358930,101.0
3602,-42.0652940,-64.5295110,167.0
3603,-42.1164610,-64.3586230,174.0
3604,-42.1527100,-64.2114600,32.0
3605,-42.3377510,-64.06601,2.2
3607,-42.0608710,-64.3075580,173.0
3608,-42.2922430,-64.2590610,49.0
3609,-42.2940910,-64.4003780,44.0
3610,-42.2150530,-64.3410190,30.5
3611,-42.3058900,-64.3987130,54.0
3612,-42.2338520,-64.4432620,10.6
3614,-42.0022050,-64.6539580,127.0
3615,-42.1149430,-64.4401790,174.0
3618,-42.2585970,-64.1130740,5.2
3619,-42.3633450,-64.375833,53.0
3620,-42.2628600,-64.3130090,5.0
3621,-41.8818710,-64.3136810,145.0
3622,-42.3301320,-64.4405950,62.0
3623,-42.0454100,-64.3700470,147.0
3626,-42.0714100,-64.1524940,54.0
3627,-42.0525360,-64.4586890,172.0
3630,-42.4146780,-64.1320170,4.1
3631,-42.3639790,-64.0777890,37.0
3632,-42.1586490,-64.2592170,77.0
3633,-42.4139100,-64.1783630,4.0
3634,-42.0193330,-64.3313270,151.0
3637,-42.3480810,-64.3539130,60.0
3639,-42.4024810,-64.4038470,20.5
3640,-42.28997,-64.1654730,46.0
3642,-42.2467320,-64.4374400,13.6
3645,-42.4122570,-64.4784840,8.6
3646,-42.3008090,-64.5340930,4.9
3647,-42.0441770,-64.3375850,136.0
3648,-42.2765610,-64.2389980,41.0
3653,-42.0770040,-64.3984750,173.0
3654,-42.2873510,-64.2981770,55.0
3660,-42.2588670,-64.1029580,3.0
3661,-42.3080080,-64.4915750,50.0
3662,-42.1613080,-64.6509900,120.0
3663,-42.349047,-64.0654140,14.5
3664,-42.3584630,-64.0602050,8.2
3667,-42.3959290,-64.2375640,12.5
3668,-41.7807430,-64.3820330,123.0
3669,-42.4083550,-64.3560850,15.5
3670,-42.3994250,-64.483112,16.5
3671,-42.3180110,-64.1051900,19.5
3672,-42.0431650,-64.535073,168.0
3673,-42.2118310,-64.4640980,92.0
3675,-42.3514010,-64.5471360,23.5
3679,-42.4036540,-64.1152360,16.5
3681,-42.270397,-64.3461700,24.5
3683,-42.3611810,-64.536587,39.0
3690,-42.3759660,-64.4041630,38.0
3691,-42.1024780,-64.6409160,140.0
3693,-42.3004460,-64.0804970,31.0
3694,-41.9749680,-64.570397,145.0
3695,-42.3972580,-64.3294450,15.5
3698,-42.1535990,-64.2690300,112.0
3699,-42.0988050,-64.1923620,26.5
3702,-42.1048170,-64.5093460,173.0
3704,-42.3010330,-64.5195670,23.5
3705,-42.2541650,-64.1447720,4.5
3707,-42.3215470,-64.0661600,12.5
3708,-42.2982610,-64.495994,31.0
3709,-42.270108,-64.2328160,19.6
3711,-42.4108320,-64.1327920,9.1
3712,-42.4187600,-64.4479190,10.5
3714,-42.3612080,-64.05827,13.5
3715,-42.3392160,-64.1464460,49.0
3716,-42.3426790,-64.3834250,69.0
3717,-42.3073350,-64.541292,5.7
3718,-42.2030370,-64.4291840,125.0
3720,-42.4122260,-64.1204670,2.8
3721,-42.2375890,-64.3854520,2.0
3726,-42.3462060,-64.4927930,69.0
3727,-42.1105280,-64.0657130,44.0
3728,-42.4020970,-64.474042,23.5
3729,-42.3660610,-64.4011800,54.0
3730,-42.236636,-64.400111,4.3
3731,-42.3881330,-64.5782150,13.5
3732,-42.0850580,-64.1204350,48.0
3733,-42.3438340,-64.4169900,76.0
3736,-42.3146750,-64.3550700,74.0
3739,-42.0060560,-64.3031510,123.0
3742,-42.3427180,-64.3500670,56.0
3743,-42.4223840,-64.3908200,4.7
3744,-42.4136520,-64.1869920,1.2
3745,-42.3661680,-64.2868520,50.0
3746,-42.2973590,-64.0578970,10.0
3747,-42.0924830,-64.2651340,141.0
3751,-41.7566530,-64.1143670,99.0
3752,-42.2031140,-64.5137450,97.0
3754,-42.1299490,-64.1416400,44.0
3755,-42.3059790,-64.221786,52.0
3756,-42.3482350,-64.1293210,10.3
3757,-42.2945050,-64.5048130,24.5
3758,-42.2168920,-64.3329260,11.5
3759,-42.0139970,-64.401746,145.0
3761,-42.2716810,-64.2716810,32.0
3762,-42.0943960,-63.9874050,58.0
3763,-42.2843570,-64.4495870,8.6
3766,-42.0083770,-64.6388840,149.0
3767,-42.2647860,-64.3206100,6.2
3768,-42.3066850,-64.312227,72.0
3770,-42.1385950,-64.0794890,26.5
3771,-42.3288300,-64.0664460,4.6
3772,-42.1326330,-64.1878680,51.0
3773,-42.3073590,-64.2849910,61.0
3774,-42.4071870,-64.1719540,13.5
3776,-42.3253340,-64.4704780,52.0
3777,-42.3094770,-64.2536050,53.0
3778,-42.2019960,-64.3699390,113.0
3780,-42.3258970,-64.5243780,36.0
3781,-42.1046760,-64.1928740,28.5
3783,-42.2264730,-64.395815,26.5
3784,-42.3315170,-64.1274060,24.5
3785,-42.2559380,-64.1267180,6.1
3786,-42.1038120,-64.4034330,157.0
3787,-42.3439410,-64.0670480,10.5
3788,-42.2136140,-64.2924090,3.2
3790,-42.1957850,-64.6182280,98.0
3791,-41.7648110,-64.5823260,132.0
3792,-42.1154600,-64.1643100,39.0
3793,-42.1382010,-64.3811560,174.0
3795,-42.0860640,-64.1002910,49.0
3796,-42.1233480,-64.0340400,41.0
3797,-42.4140440,-64.1737700,1.8
3798,-41.9825610,-64.312965,145.0
3799,-42.2279620,-64.5677300,8.1
3800,-42.1608390,-64.1205460,10.6
3801,-42.1525370,-64.3410110,166.0
3802,-41.8291860,-64.5152160,145.0
3803,-42.3004400,-64.4520450,58.0
3804,-42.3319020,-64.5115120,53.0
3805,-42.2927820,-64.4455630,20.5
3807,-42.1856200,-64.5859860,119.0
3808,-42.3160220,-64.1461300,48.0
3809,-42.0994470,-64.1435700,24.5
3811,-42.2607130,-64.4300870,30.5
3812,-42.1476790,-64.3786230,175.0
3814,-42.4160490,-64.5162060,5.3
3815,-42.1503820,-64.2438440,58.0
3818,-42.0596100,-64.603321,148.0
3819,-42.1652070,-64.6111470,125.0
3820,-42.2444780,-64.2403130,1.4
3821,-41.8155980,-64.2705560,118.0
3822,-41.722511,-64.6247680,129.0
3826,-42.2572230,-64.3923310,20.6
3828,-42.0663570,-64.5027070,171.0
3829,-42.320482,-64.1408130,40.0
3830,-42.3332880,-64.1227370,19.5
3831,-42.4101110,-64.1227150,7.6
3832,-42.1547060,-64.5762090,136.0
3833,-42.3218380,-64.5474740,13.5
3834,-42.1631710,-64.1347040,9.4
3835,-42.2927050,-64.1747590,51.0
3836,-42.1343850,-64.2124480,50.0
3837,-42.1035440,-64.0272500,51.0
3838,-42.0576910,-64.5163680,169.0
3840,-41.9746590,-64.5976800,140.0
3842,-42.3340190,-64.115215,8.4
3843,-42.340235,-64.4898890,69.0
3845,-42.1491470,-64.5213230,165.0
3847,-41.9301810,-64.6327960,136.0
3848,-42.2690460,-64.4506140,21.5
3849,-42.3159640,-64.0784550,25.5
3850,-42.0921000,-64.0650540,25.5
3853,-42.3331410,-64.5473420,17.5
3854,-42.1315600,-64.4412300,173.0
3858,-42.408052,-64.2678160,6.2
3860,-42.4010240,-64.2791530,11.5
3861,-42.3563480,-64.0835390,36.0
3863,-42.2022450,-64.2153880,0.0
3864,-42.2824070,-64.098901,30.5
3866,-42.3388860,-64.1970900,58.0
3867,-42.3275910,-64.1710360,55.0
3868,-42.1762390,-64.3708480,149.0
3869,-42.087947,-64.1265140,40.0
3870,-42.312021,-64.1091940,28.5
3871,-42.215966,-64.315962,7.7
3872,-42.4139050,-64.3871640,9.4
3873,-42.2508580,-64.2694640,5.6
3874,-42.3045280,-64.0541920,1.8
3875,-42.4219630,-64.4586410,9.2
3880,-42.3535580,-64.1111640,52.0
3881,-42.3382530,-64.3974840,62.0
3885,-42.2607540,-64.1557170,17.5
3886,-42.4144000,-64.1826320,0.9
3887,-42.30784,-64.0873780,33.0
3889,-42.2955550,-64.162101,49.0
3890,-42.1229480,-64.3018860,165.0
3891,-42.2259550,-64.3648380,10.1
3893,-42.3606360,-64.5210240,60.0
3895,-42.1618380,-64.4349720,174.0
3896,-41.8677220,-64.0789750,98.0
3897,-42.1981770,-64.2793080,15.6
3898,-42.4129940,-64.1379760,6.7
3899,-42.1511450,-64.4451920,174.0
3900,-42.3349820,-64.2323560,58.0
3901,-42.2496420,-64.1528200,4.9
3906,-42.1564740,-64.2054080,28.5
3907,-42.2461060,-64.3770410,5.7
3909,-42.3020250,-64.1724250,55.0
3910,-42.254377,-64.3972810,18.6
3911,-42.3905140,-64.2733600,10.5
3912,-42.1823170,-64.5077200,137.0
3917,-42.1439930,-64.4329820,174.0
3918,-42.3702810,-64.231018,39.0
3919,-42.2770910,-64.1317920,30.5
3920,-41.764034,-64.2042850,50.0
3921,-42.3075240,-64.064268,18.5
3922,-42.12121,-64.3441150,170.0
3925,-41.9988690,-64.4106860,158.0
3926,-42.0799430,-64.2950370,153.0
3928,-42.3209950,-64.1644170,53.0
3929,-42.2227490,-64.395804,53.0
3931,-42.1941650,-64.4284570,146.0
3934,-42.3279370,-64.3948380,57.0
3937,-42.4066830,-64.465774,22.5
3938,-42.2967100,-64.081586,35.0
3940,-42.213575,-64.3115520,8.9
3943,-42.3948770,-64.1570820,26.5
3944,-42.4299020,-64.4406770,3.6
3947,-42.3367140,-64.3901170,66.0
3948,-42.3667780,-64.2653220,44.0
3949,-42.0041600,-64.4597110,152.0
3950,-42.3989890,-64.3014740,3.0
3951,-42.3168570,-64.1567650,53.0
3952,-42.1071870,-64.6567650,136.0
3955,-42.3848200,-64.1717730,42.0
3956,-42.4168980,-64.1623300,4.1
3959,-42.3328260,-64.3646450,76.0
3960,-42.4300770,-64.4543310,3.1
3962,-42.2643000,-64.1391170,18.5
3964,-42.1121260,-64.4652310,173.0
3965,-42.3098060,-64.4486030,68.0
3966,-42.3014860,-64.4300000,64.0
3968,-42.1097220,-64.0930450,51.0
3970,-42.119958,-64.129775,51.0
3972,-41.9810800,-64.3692950,151.0
3974,-42.113312,-64.6437900,139.0
3975,-42.1099630,-64.2961380,164.0
3977,-42.2879940,-64.4601050,45.0
3978,-42.2195820,-64.5309170,51.0
3979,-42.1699100,-64.3020060,134.0
3980,-42.3908180,-64.1148450,18.5
3983,-42.2290510,-64.4657560,20.6
3984,-42.3188460,-64.3139560,70.0
3986,-42.3631400,-64.2785710,49.0
3989,-42.1601330,-64.07754,16.6
3992,-42.295639,-64.0602830,4.9
3993,-42.2764820,-64.4930500,2.4
3995,-42.1916790,-64.1994690,9.0
3996,-42.4036520,-64.2586180,16.5
3997,-42.1443200,-64.0269300,9.6
3999,-42.1363610,-64.1816070,38.0
4001,-42.287081,-64.179532,46.0
4003,-42.1111700,-64.257674,130.0
4004,-42.049278,-64.6142010,146.0
4006,-42.1179900,-64.2438470,98.0
4007,-42.142603,-64.3270470,167.0
4008,-42.2989440,-64.2162100,50.0
4011,-42.2546010,-64.2955970,4.1
4012,-41.9396670,-64.3581670,164.0
4013,-42.2672500,-64.2849540,30.5
4015,-42.3183960,-64.0907500,9.2
4016,-42.4095540,-64.3370100,5.4
4017,-42.0725820,-64.0689990,56.0
4019,-42.4061710,-64.2429400,10.5
4021,-42.1663210,-64.307868,143.0
4023,-42.3349820,-64.3053480,54.0
4024,-42.2730140,-64.4793030,13.5
4027,-42.3636010,-64.1606730,47.0
4030,-42.3693730,-64.1054310,50.0
4031,-42.2868500,-64.2673100,44.0
4035,-42.1822650,-64.1282400,5.5
4036,-42.0023590,-64.6378130,140.0
4038,-42.3559490,-64.3254270,42.0
4039,-41.9743450,-64.3818890,147.0
4040,-42.0170530,-64.6262020,156.0
4041,-42.1831510,-64.5605140,119.0
4042,-42.0873300,-64.6151720,146.0
4043,-42.2320450,-64.4342350,8.0
4045,-42.1260930,-64.4884130,173.0
4046,-42.3624660,-64.296382,52.0
4047,-42.2008000,-64.4864050,115.0
4048,-42.0518280,-64.5143800,170.0
4049,-42.0199340,-64.3878720,152.0
4051,-42.4005310,-64.5435780,21.5
4052,-42.2505750,-64.24035,11.5
4053,-42.4041490,-64.5879850,18.5
4054,-41.9839650,-64.4600140,163.0
4055,-42.3187820,-64.3639750,71.0
4056,-42.3651560,-64.5275520,50.0
4057,-42.4254720,-64.4105810,4.1
4058,-42.2235170,-64.4115440,58.0
4061,-42.3903770,-64.1696880,37.0
4062,-42.3943770,-64.1367450,26.5
4063,-42.4069110,-64.3750400,9.5
4064,-42.4026900,-64.2456050,14.5
4065,-42.3310550,-64.1161490,14.5
4067,-41.9754930,-64.4723350,154.0
4068,-42.4122300,-64.1730910,3.6
4069,-42.3463620,-64.1919030,50.0
4073,-42.4071300,-64.4976120,6.6
4074,-42.0871160,-64.4806990,173.0
4075,-42.0820540,-64.4403810,173.0
4076,-42.3906420,-64.2009470,37.0
4077,-42.0991840,-64.0661350,41.0
4078,-42.2755340,-64.1877250,33.0
4079,-42.1570770,-64.1056840,17.6
4082,-42.3364440,-64.5384370,26.5
4083,-42.3499350,-64.1412960,46.0
4085,-42.1438390,-64.2888120,149.0
4087,-42.2705100,-64.4827790,5.9
4088,-42.3554880,-64.3375280,44.0
4089,-42.4261730,-64.4600910,5.0
4092,-42.3492560,-64.2555710,61.0
4093,-42.2955930,-64.2819400,55.0
4094,-41.8704610,-64.2965750,118.0
4095,-42.3420640,-64.1728000,60.0
4096,-42.0672180,-64.1032250,63.0
4098,-42.0898480,-64.12086,33.0
4099,-42.1638730,-64.4097150,159.0
4100,-42.1911940,-64.3957740,143.0
4101,-42.2425880,-64.3975750,12.6
4102,-42.0442410,-64.4382630,131.0
4103,-42.3084500,-64.1472980,53.0
4104,-42.1371650,-64.2325760,71.0
4106,-42.2149930,-64.6344660,38.0
4107,-42.0078160,-64.5934330,154.0
4108,-42.2518800,-64.2305540,5.9
4109,-42.395528,-64.3065330,5.6
4110,-42.1038970,-64.4507050,173.0
4111,-42.061272,-64.3528890,154.0
4112,-42.3841990,-64.310276,9.6
4114,-42.30749,-64.0523240,0.8
4115,-42.3683050,-64.4316160,49.0
4118,-42.1341860,-64.3957330,175.0
4120,-42.2636890,-64.3006550,20.5
4121,-42.2154170,-64.4803880,70.0
4122,-42.2760120,-64.1107290,26.5
4123,-42.3562430,-64.466465,58.0
4124,-42.2616520,-64.3777280,23.5
4125,-42.1156160,-64.1713180,38.0
4126,-42.3802200,-64.1520180,42.0
4127,-42.2617960,-64.1504780,18.5
4128,-42.2822610,-64.4715730,30.5
4129,-42.2924620,-64.4569920,50.0
4130,-42.4160900,-64.1762620,1.3
4131,-42.0768000,-64.0150960,43.0
4132,-42.2564030,-64.1932350,3.6
4133,-42.0918760,-64.6237230,144.0
4134,-42.3422170,-64.2380620,67.0
4135,-42.1426780,-64.6099990,134.0
4136,-42.3705490,-64.3585970,46.0
4141,-42.2249040,-64.5364680,23.5
4142,-42.3008110,-64.0590910,13.5
4143,-42.4173390,-64.4382200,12.5
4144,-42.3670540,-64.4505510,59.0
4145,-42.0663990,-64.3038230,154.0
4146,-42.0950700,-64.2951630,162.0
4147,-42.3546110,-64.3810730,56.0
4150,-42.1589050,-64.3257520,162.0
4152,-42.4053380,-64.2658170,12.5
4153,-42.3721630,-64.3489750,44.0
4154,-42.0685170,-64.6153480,146.0
4155,-42.1614340,-64.0995380,15.6
4156,-42.3949830,-64.3442310,16.5
4157,-42.1271190,-64.2570350,123.0
4159,-42.1877610,-64.4279910,158.0
4161,-41.7785460,-64.3992350,118.0
4163,-42.186719,-64.2578300,8.7
4164,-42.1212490,-64.3907010,175.0
4165,-42.1955540,-64.3130800,77.0
4167,-42.2756270,-64.0931940,12.5
4168,-42.3833060,-64.376106,37.0
4169,-41.9900790,-64.5694800,176.0
4170,-42.323241,-64.3559340,71.0
4171,-42.3806580,-64.2568920,37.0
4172,-42.3753200,-64.0678820,24.5
4176,-42.1685260,-64.6562290,105.0
4177,-42.4169780,-64.5273600,6.7
4178,-42.3358260,-64.1069070,17.5
4179,-42.3091640,-64.5087380,36.0
4181,-42.1473700,-64.1916170,33.0
4182,-42.2762730,-64.3538650,34.0
4183,-42.3640340,-64.5510270,25.5
4184,-42.0199250,-64.4096080,151.0
4185,-42.3100860,-64.2061790,55.0
4187,-42.4196710,-64.1584490,2.2
4188,-42.1290560,-64.2229790,63.0
4189,-42.1637010,-64.6438300,119.0
4190,-41.9899040,-64.4428630,160.0
4192,-42.2875150,-64.4759950,31.0
4193,-42.3246210,-64.1037630,9.1
4194,-42.4027860,-64.2248970,19.5
4195,-42.0524040,-64.3032010,184.0
4196,-42.0770770,-64.274848,147.0
4198,-42.2930130,-64.1402080,48.0
4199,-42.1707220,-64.4473940,169.0
4200,-42.232429,-64.3834650,9.7
4201,-42.1224840,-64.3179680,169.0
4202,-42.1936630,-64.4787790,152.0
4203,-42.1701800,-64.3360900,158.0
4204,-42.4144100,-64.3738100,7.3
4207,-42.0154640,-64.3176730,163.0
4208,-42.3287050,-64.09156,23.5
4209,-42.3507630,-64.4321090,72.0
4211,-42.2636600,-64.2277770,12.5
4215,-42.2230230,-64.3805760,34.0
4216,-42.37931,-64.5277090,39.0
4217,-42.2232540,-64.3317330,1.8
4218,-42.0735520,-64.4142690,173.0
4219,-41.9911830,-64.5317030,152.0
4220,-42.4142480,-64.3918570,13.5
4221,-41.7997340,-64.1928630,114.0
4223,-42.0429160,-64.5800340,165.0
4225,-42.4104630,-64.4561330,22.5
4227,-42.0596240,-64.4594240,172.0
4228,-42.2834860,-64.115502,37.0
4229,-42.2899320,-64.1999720,47.0
4230,-42.1554650,-64.4782990,169.0
4232,-42.3152600,-64.5074850,50.0
4233,-42.3391380,-64.1634620,57.0
4237,-42.3224790,-64.4464850,81.0
4241,-42.1130590,-63.9931810,52.0
4242,-42.3071020,-64.2444830,49.0
4244,-42.3922230,-64.1892600,37.0
4245,-42.281634,-64.1842240,40.0
4246,-42.3924070,-64.0880720,12.5
4247,-42.2901240,-64.0657110,4.4
4250,-42.1166500,-64.1351720,49.0
4251,-42.0781530,-64.3423210,159.0
4253,-42.1556730,-64.6002220,130.0
4254,-42.1928920,-64.5485030,111.0
4257,-42.3619460,-64.1504530,57.0
4259,-42.3158700,-64.4746720,67.0
4260,-42.2751490,-64.3225650,33.0
4262,-42.0814080,-64.527964,166.0
4263,-42.0904080,-64.1853690,29.5
4264,-42.2840740,-64.3374370,46.0
4265,-42.4043390,-64.3784700,15.5
4268,-42.0816340,-64.1941010,40.0
4269,-42.1223740,-64.2169090,56.0
4270,-42.3715850,-64.5708110,18.5
4273,-42.3907930,-64.5694820,24.5
4274,-41.797313,-64.3024960,154.0
4276,-42.1057360,-64.0010710,52.0
4278,-42.4127760,-64.3550470,8.4
4279,-42.317049,-64.2233860,55.0
4280,-42.4172870,-64.4101780,18.5
4281,-42.4129530,-64.1974950,11.5
4282,-42.0330910,-64.4338260,125.0
4283,-42.1159110,-64.0117950,50.0
4284,-42.4103030,-64.4164900,4.6
4285,-42.2357000,-64.4593110,3.2
4290,-41.7083740,-64.2274030,70.0
4291,-42.4095630,-64.5444470,9.2
4296,-42.0635130,-64.0936430,66.0
4297,-42.3281050,-64.5508570,10.0
4301,-42.3416400,-64.1518410,53.0
4302,-42.1040780,-64.0496630,44.0
4303,-42.280382,-64.3320330,40.0
4305,-42.3967550,-64.5872140,8.5
4306,-42.3267440,-64.3355940,67.0
4307,-42.0849650,-64.083153,52.0
4309,-42.0638220,-64.2772420,147.0
4312,-42.413447,-64.3773740,4.3
4314,-42.3791500,-64.5622940,29.5
4315,-42.3041400,-64.4999450,36.0
4316,-42.4218030,-64.4422130,9.2
4317,-42.426607,-64.4513280,4.7
4318,-42.3977880,-64.1930350,9.5
4319,-42.3356310,-64.1109420,6.0
4321,-42.3167600,-64.1781650,57.0
4323,-42.2581500,-64.3028850,5.3
4326,-42.1109090,-64.4912050,173.0
4327,-42.108249,-64.1336150,45.0
4328,-42.2799650,-64.2867690,44.0
4329,-42.3574940,-64.5534910,22.5
4330,-42.2762820,-64.0710940,3.1
4331,-42.0203480,-64.5185640,151.0
4332,-42.244228,-64.4621650,2.3
4333,-42.0950960,-64.6003350,148.0
4334,-42.1818770,-64.6051810,119.0
4335,-42.1288000,-64.0255110,41.0
4338,-42.4181520,-64.418954,13.5
4339,-42.4089450,-64.3283210,1.0
4346,-42.2502260,-64.2523340,6.2
4348,-42.3241390,-64.2638510,56.0
4350,-42.3458940,-64.1108610,50.0
4351,-42.4129820,-64.2632430,3.1
4352,-42.2601890,-64.2306560,6.6
4353,-42.101085,-64.2799470,152.0
4354,-42.406843,-64.4359440,21.5
4355,-42.1561720,-64.3707980,168.0
4356,-41.9139350,-64.3727150,141.0
4357,-42.1871050,-64.4118050,141.0
4358,-42.1699490,-64.3770730,161.0
4361,-41.7167230,-64.3805000,121.0
4362,-42.385418,-64.2239460,36.0
4363,-42.2505410,-64.1629800,3.0
4364,-42.3679730,-64.1894640,31.0
4365,-42.2559230,-64.4019630,24.5
4366,-42.3353130,-64.0754780,17.5
4368,-42.2658370,-64.1753180,15.5
4369,-42.1635200,-64.1295880,9.0
4373,-42.0757000,-64.0236710,52.0
4375,-42.3742350,-64.4863900,61.0
4376,-42.3197440,-64.1098160,21.5
4377,-42.1833390,-64.341952,149.0
4378,-42.3956310,-64.5725520,14.5
4379,-42.1749270,-64.2602440,20.6
4381,-42.2483450,-64.1327880,2.2
4382,-42.3992380,-64.5928710,7.6
4383,-42.2781990,-64.224213,34.0
4384,-42.2201310,-64.363932,40.0
4386,-42.0355060,-64.3029710,152.0
4387,-42.1396690,-64.3349320,168.0
4388,-42.093699,-64.1157000,19.6
4390,-42.3626970,-64.1020420,51.0
4393,-42.0969470,-64.4678930,173.0
4400,-42.3884140,-64.3205830,10.5
4401,-42.1090840,-64.0432580,41.0
4403,-42.1128900,-64.1270770,50.0
4404,-42.4133550,-64.5749290,6.5
4406,-42.2636090,-64.453012,20.6
4407,-42.3629410,-64.4597480,64.0
4408,-42.2509280,-64.1330990,3.1
4409,-42.3446040,-64.5439880,23.5
4410,-42.3470110,-64.2681650,67.0
4415,-42.2656450,-64.2933840,28.5
4416,-42.4103340,-64.3785900,9.2
4417,-42.3362130,-64.2769190,70.0
4418,-42.2144750,-64.3776800,83.0
4419,-41.7250980,-64.6717550,136.0
4422,-42.1972340,-64.2063680,2.8
4424,-42.4179740,-64.1525700,1.3
4426,-42.0989200,-64.2507050,123.0
4431,-42.136155,-64.4204270,175.0
4432,-42.3052,-64.4560800,63.0
4433,-42.3707850,-64.2951090,33.0
4434,-42.074304,-64.0362440,58.0
4437,-42.3202980,-64.4994440,63.0
4438,-42.2483250,-64.2143640,3.1
4439,-42.3269940,-64.098441,9.1
4440,-42.4022890,-64.1000550,1.8
4441,-42.2814900,-64.4873440,12.5
4442,-42.0637550,-64.0852840,62.0
4443,-42.3034890,-64.0651410,19.5
4444,-42.1834550,-64.3835580,154.0
4445,-42.2876590,-64.2840150,49.0
4446,-42.2584040,-64.108872,4.4
4448,-42.2893150,-64.4303630,64.0
4449,-42.4116810,-64.2346400,5.4
4450,-42.3737150,-64.3109270,18.5
4451,-42.2787770,-64.3708120,45.0
4453,-42.4162300,-64.4007100,16.5
4454,-42.2726990,-64.0872800,6.8
4460,-42.2298970,-64.4476410,34.0
4461,-42.160598,-64.1988680,26.5
4464,-42.4093220,-64.194109,14.5
4465,-42.1237110,-64.4279360,174.0
4466,-42.1515840,-64.1849160,31.0
4468,-42.1109790,-64.2258670,55.0
4469,-42.1064150,-64.2679850,143.0
4472,-42.2630180,-64.2159320,14.5
4474,-42.3433720,-64.5284250,44.0
4475,-42.1653440,-64.0856680,17.6
4477,-42.4035710,-64.3529640,19.5
4478,-42.3889420,-64.1294480,29.5
4479,-42.2952560,-64.5200000,10.3
4480,-42.1254640,-64.2294120,70.0
4481,-42.1299080,-64.0182760,37.0
4482,-42.0826490,-64.1047590,52.0
4483,-42.1775510,-64.3558030,154.0
4484,-42.0647430,-64.3762510,159.0
4486,-42.3037190,-64.0712100,25.5
4487,-42.2205480,-64.3864130,59.0
4488,-42.3598020,-64.4787860,70.0
4490,-42.3127500,-64.3817000,68.0
4494,-42.0038380,-64.4772200,162.0
4495,-42.2206690,-64.477494,50.0
4496,-42.2760480,-64.3303470,32.0
4497,-42.3456450,-64.4394240,74.0
4498,-42.2979040,-64.1171230,49.0
4499,-42.0791190,-64.2317840,110.0
4500,-42.398476,-64.3521420,22.5
4502,-42.185583,-64.2154470,20.6
4503,-42.3186800,-64.0618070,6.5
4504,-42.3504800,-64.1573010,59.0
4508,-42.1182880,-64.1951820,47.0
4509,-42.0646820,-64.3590980,160.0
4511,-42.380528,-64.5826570,4.7
,,,
,,,

